player,market,line,best_over_odds,best_over_book,best_over_implied,best_under_odds,best_under_book,best_under_implied,total_prob,expected_profit_pct,is_arb,over_stake,under_stake,over_return,under_return,guaranteed_profit,total_wager,recommendation,game,game_time,num_bookmakers
Bogdan Bogdanovic,player_assists,2.5,-240.0,bovada,0.7058823529411765,175.0,bovada,0.36363636363636365,1.0695187165775402,-6.500000000000005,False,,,,,,,Don't bet - bookmaker has edge,Los Angeles Clippers @ Phoenix Suns,2025-11-07T02:00:00Z,1
Bogdan Bogdanovic,player_assists,3.5,106.0,betonlineag,0.4854368932038835,-135.0,bovada,0.574468085106383,1.0599049783102665,-5.651919703761454,False,,,,,,,Don't bet - bookmaker has edge,Los Angeles Clippers @ Phoenix Suns,2025-11-07T02:00:00Z,4
Bradley Beal,player_assists,2.5,-200.0,bovada,0.6666666666666666,150.0,bovada,0.4,1.0666666666666667,-6.25,False,,,,,,,Don't bet - bookmaker has edge,Los Angeles Clippers @ Phoenix Suns,2025-11-07T02:00:00Z,1
Bradley Beal,player_assists,3.5,125.0,bovada,0.4444444444444444,-141.0,draftkings,0.5850622406639004,1.0295066851083448,-2.866099417823542,False,,,,,,,Don't bet - bookmaker has edge,Los Angeles Clippers @ Phoenix Suns,2025-11-07T02:00:00Z,7
Brook Lopez,player_assists,0.5,-110.0,betmgm,0.5238095238095238,-118.0,betmgm,0.5412844036697247,1.0650939274792486,-6.111566858080398,False,,,,,,,Don't bet - bookmaker has edge,Los Angeles Clippers @ Phoenix Suns,2025-11-07T02:00:00Z,1
Chris Paul,player_assists,5.5,-143.0,betrivers,0.588477366255144,120.0,bovada,0.45454545454545453,1.0430228208005985,-4.124820659971295,False,,,,,,,Don't bet - bookmaker has edge,Los Angeles Clippers @ Phoenix Suns,2025-11-07T02:00:00Z,2
Chris Paul,player_assists,6.5,120.0,bovada,0.45454545454545453,-135.0,betonlineag,0.574468085106383,1.0290135396518376,-2.819548872180455,False,,,,,,,Don't bet - bookmaker has edge,Los Angeles Clippers @ Phoenix Suns,2025-11-07T02:00:00Z,6
Collin Gillespie,player_assists,3.5,-140.0,betmgm,0.5833333333333334,120.0,bovada,0.45454545454545453,1.0378787878787878,-3.649635036496346,False,,,,,,,Don't bet - bookmaker has edge,Los Angeles Clippers @ Phoenix Suns,2025-11-07T02:00:00Z,5
Collin Gillespie,player_assists,4.5,135.0,bovada,0.425531914893617,-180.0,fanduel,0.6428571428571429,1.06838905775076,-6.401137980085359,False,,,,,,,Don't bet - bookmaker has edge,Los Angeles Clippers @ Phoenix Suns,2025-11-07T02:00:00Z,2
Derrick Jones,player_assists,1.5,120.0,betmgm,0.45454545454545453,-160.0,betmgm,0.6153846153846154,1.06993006993007,-6.535947712418311,False,,,,,,,Don't bet - bookmaker has edge,Los Angeles Clippers @ Phoenix Suns,2025-11-07T02:00:00Z,1
Devin Booker,player_assists,6.5,-230.0,bovada,0.696969696969697,170.0,bovada,0.37037037037037035,1.0673400673400675,-6.309148264984243,False,,,,,,,Don't bet - bookmaker has edge,Los Angeles Clippers @ Phoenix Suns,2025-11-07T02:00:00Z,1
Devin Booker,player_assists,7.5,-125.0,draftkings,0.5555555555555556,-102.0,fanduel,0.504950495049505,1.0605060506050605,-5.705394190871371,False,,,,,,,Don't bet - bookmaker has edge,Los Angeles Clippers @ Phoenix Suns,2025-11-07T02:00:00Z,7
Devin Booker,player_assists,8.5,140.0,bovada,0.4166666666666667,-185.0,bovada,0.6491228070175439,1.0657894736842106,-6.172839506172845,False,,,,,,,Don't bet - bookmaker has edge,Los Angeles Clippers @ Phoenix Suns,2025-11-07T02:00:00Z,1
Grayson Allen,player_assists,3.5,-148.0,betrivers,0.5967741935483871,117.0,draftkings,0.4608294930875576,1.0576036866359448,-5.446623093681935,False,,,,,,,Don't bet - bookmaker has edge,Los Angeles Clippers @ Phoenix Suns,2025-11-07T02:00:00Z,7
Grayson Allen,player_assists,4.5,145.0,bovada,0.40816326530612246,-190.0,bovada,0.6551724137931034,1.0633356790992259,-5.956320317670416,False,,,,,,,Don't bet - bookmaker has edge,Los Angeles Clippers @ Phoenix Suns,2025-11-07T02:00:00Z,1
Ivica Zubac,player_assists,2.5,-113.0,betrivers,0.5305164319248826,101.0,draftkings,0.4975124378109453,1.028028869735828,-2.7264671801513263,False,,,,,,,Don't bet - bookmaker has edge,Los Angeles Clippers @ Phoenix Suns,2025-11-07T02:00:00Z,6
Jalen Green,player_assists,2.5,-118.0,betrivers,0.5412844036697247,110.0,betmgm,0.47619047619047616,1.017474879860201,-1.7174753112923935,False,,,,,,,Don't bet - bookmaker has edge,Los Angeles Clippers @ Phoenix Suns,2025-11-07T02:00:00Z,6
John Collins,player_assists,1.5,-135.0,betmgm,0.574468085106383,100.0,betmgm,0.5,1.074468085106383,-6.930693069306937,False,,,,,,,Don't bet - bookmaker has edge,Los Angeles Clippers @ Phoenix Suns,2025-11-07T02:00:00Z,1
Kris Dunn,player_assists,2.5,-165.0,draftkings,0.6226415094339622,135.0,bovada,0.425531914893617,1.0481734243275793,-4.59594025277672,False,,,,,,,Don't bet - bookmaker has edge,Los Angeles Clippers @ Phoenix Suns,2025-11-07T02:00:00Z,5
Kris Dunn,player_assists,3.5,135.0,bovada,0.425531914893617,-180.0,bovada,0.6428571428571429,1.06838905775076,-6.401137980085359,False,,,,,,,Don't bet - bookmaker has edge,Los Angeles Clippers @ Phoenix Suns,2025-11-07T02:00:00Z,1
Mark Williams,player_assists,1.5,-115.0,betmgm,0.5348837209302325,-118.0,betmgm,0.5412844036697247,1.0761681245999573,-7.077716098334652,False,,,,,,,Don't bet - bookmaker has edge,Los Angeles Clippers @ Phoenix Suns,2025-11-07T02:00:00Z,1
Nicolas Batum,player_assists,1.5,-145.0,betmgm,0.5918367346938775,110.0,betmgm,0.47619047619047616,1.0680272108843538,-6.369426751592366,False,,,,,,,Don't bet - bookmaker has edge,Los Angeles Clippers @ Phoenix Suns,2025-11-07T02:00:00Z,1
Oso Ighodaro,player_assists,0.5,-285.0,betmgm,0.7402597402597403,200.0,betmgm,0.3333333333333333,1.0735930735930737,-6.854838709677424,False,,,,,,,Don't bet - bookmaker has edge,Los Angeles Clippers @ Phoenix Suns,2025-11-07T02:00:00Z,1
Royce O'Neale,player_assists,2.5,-127.0,betonlineag,0.5594713656387665,100.0,draftkings,0.5,1.0594713656387666,-5.613305613305631,False,,,,,,,Don't bet - bookmaker has edge,Los Angeles Clippers @ Phoenix Suns,2025-11-07T02:00:00Z,5
Ryan Dunn,player_assists,1.5,120.0,betmgm,0.45454545454545453,-159.0,williamhill_us,0.6138996138996139,1.0684450684450684,-6.406044678055189,False,,,,,,,Don't bet - bookmaker has edge,Los Angeles Clippers @ Phoenix Suns,2025-11-07T02:00:00Z,2
Bradley Beal,player_blocks,0.5,280.0,betmgm,0.2631578947368421,-450.0,betmgm,0.8181818181818182,1.0813397129186604,-7.522123893805322,False,,,,,,,Don't bet - bookmaker has edge,Los Angeles Clippers @ Phoenix Suns,2025-11-07T02:00:00Z,1
Chris Paul,player_blocks,0.5,425.0,betmgm,0.19047619047619047,-800.0,betmgm,0.8888888888888888,1.0793650793650793,-7.352941176470584,False,,,,,,,Don't bet - bookmaker has edge,Los Angeles Clippers @ Phoenix Suns,2025-11-07T02:00:00Z,1
Derrick Jones,player_blocks,0.5,-135.0,betmgm,0.574468085106383,-105.0,betmgm,0.5121951219512195,1.0866632070576026,-7.9751671442215954,False,,,,,,,Don't bet - bookmaker has edge,Los Angeles Clippers @ Phoenix Suns,2025-11-07T02:00:00Z,1
Devin Booker,player_blocks,0.5,310.0,betmgm,0.24390243902439024,-500.0,betmgm,0.8333333333333334,1.0772357723577235,-7.169811320754715,False,,,,,,,Don't bet - bookmaker has edge,Los Angeles Clippers @ Phoenix Suns,2025-11-07T02:00:00Z,1
Grayson Allen,player_blocks,0.5,260.0,betmgm,0.2777777777777778,-400.0,betmgm,0.8,1.077777777777778,-7.2164948453608435,False,,,,,,,Don't bet - bookmaker has edge,Los Angeles Clippers @ Phoenix Suns,2025-11-07T02:00:00Z,1
Ivica Zubac,player_blocks,0.5,-190.0,betmgm,0.6551724137931034,190.0,bovada,0.3448275862068966,1.0,0.0,False,,,,,,,Don't bet - bookmaker has edge,Los Angeles Clippers @ Phoenix Suns,2025-11-07T02:00:00Z,2
Ivica Zubac,player_blocks,1.5,178.0,fanduel,0.3597122302158273,-220.0,bovada,0.6875,1.0472122302158273,-4.508372692142548,False,,,,,,,Don't bet - bookmaker has edge,Los Angeles Clippers @ Phoenix Suns,2025-11-07T02:00:00Z,3
Jalen Green,player_blocks,0.5,375.0,betmgm,0.21052631578947367,-700.0,betmgm,0.875,1.0855263157894737,-7.878787878787874,False,,,,,,,Don't bet - bookmaker has edge,Los Angeles Clippers @ Phoenix Suns,2025-11-07T02:00:00Z,1
Mark Williams,player_blocks,0.5,-230.0,bovada,0.696969696969697,172.0,draftkings,0.36764705882352944,1.0646167557932265,-6.069485140226039,False,,,,,,,Don't bet - bookmaker has edge,Los Angeles Clippers @ Phoenix Suns,2025-11-07T02:00:00Z,3
Mark Williams,player_blocks,1.5,190.0,bovada,0.3448275862068966,-260.0,bovada,0.7222222222222222,1.0670498084291187,-6.283662477558338,False,,,,,,,Don't bet - bookmaker has edge,Los Angeles Clippers @ Phoenix Suns,2025-11-07T02:00:00Z,1
Nicolas Batum,player_blocks,0.5,140.0,betmgm,0.4166666666666667,-200.0,betmgm,0.6666666666666666,1.0833333333333333,-7.692307692307687,False,,,,,,,Don't bet - bookmaker has edge,Los Angeles Clippers @ Phoenix Suns,2025-11-07T02:00:00Z,1
Ryan Dunn,player_blocks,0.5,-115.0,betmgm,0.5348837209302325,-120.0,betmgm,0.5454545454545454,1.080338266384778,-7.436399217221135,False,,,,,,,Don't bet - bookmaker has edge,Los Angeles Clippers @ Phoenix Suns,2025-11-07T02:00:00Z,1
Bogdan Bogdanovic,player_points,9.5,-230.0,bovada,0.696969696969697,170.0,bovada,0.37037037037037035,1.0673400673400675,-6.309148264984243,False,,,,,,,Don't bet - bookmaker has edge,Los Angeles Clippers @ Phoenix Suns,2025-11-07T02:00:00Z,1
Bogdan Bogdanovic,player_points,10.5,-145.0,betmgm,0.5918367346938775,125.0,bovada,0.4444444444444444,1.036281179138322,-3.5010940919037115,False,,,,,,,Don't bet - bookmaker has edge,Los Angeles Clippers @ Phoenix Suns,2025-11-07T02:00:00Z,2
Bogdan Bogdanovic,player_points,11.5,-118.0,draftkings,0.5412844036697247,-105.0,bovada,0.5121951219512195,1.0534795256209444,-5.0764655904842915,False,,,,,,,Don't bet - bookmaker has edge,Los Angeles Clippers @ Phoenix Suns,2025-11-07T02:00:00Z,4
Bogdan Bogdanovic,player_points,12.5,110.0,bovada,0.47619047619047616,-116.0,betonlineag,0.5370370370370371,1.0132275132275133,-1.3054830287206332,False,,,,,,,Don't bet - bookmaker has edge,Los Angeles Clippers @ Phoenix Suns,2025-11-07T02:00:00Z,2
Bogdan Bogdanovic,player_points,13.5,140.0,bovada,0.4166666666666667,-185.0,bovada,0.6491228070175439,1.0657894736842106,-6.172839506172845,False,,,,,,,Don't bet - bookmaker has edge,Los Angeles Clippers @ Phoenix Suns,2025-11-07T02:00:00Z,1
Bogdan Bogdanovic,player_points,14.5,180.0,bovada,0.35714285714285715,-245.0,bovada,0.7101449275362319,1.0672877846790891,-6.304558680892347,False,,,,,,,Don't bet - bookmaker has edge,Los Angeles Clippers @ Phoenix Suns,2025-11-07T02:00:00Z,1
Bradley Beal,player_points,12.5,-240.0,bovada,0.7058823529411765,175.0,bovada,0.36363636363636365,1.0695187165775402,-6.500000000000005,False,,,,,,,Don't bet - bookmaker has edge,Los Angeles Clippers @ Phoenix Suns,2025-11-07T02:00:00Z,1
Bradley Beal,player_points,13.5,-148.0,betrivers,0.5967741935483871,135.0,bovada,0.425531914893617,1.0223061084420042,-2.1819402484055117,False,,,,,,,Don't bet - bookmaker has edge,Los Angeles Clippers @ Phoenix Suns,2025-11-07T02:00:00Z,2
Bradley Beal,player_points,14.5,-115.0,betrivers,0.5348837209302325,110.0,betonlineag,0.47619047619047616,1.0110741971207087,-1.0952902519167473,False,,,,,,,Don't bet - bookmaker has edge,Los Angeles Clippers @ Phoenix Suns,2025-11-07T02:00:00Z,7
Bradley Beal,player_points,15.5,108.0,betrivers,0.4807692307692308,-125.0,bovada,0.5555555555555556,1.0363247863247864,-3.5051546391752675,False,,,,,,,Don't bet - bookmaker has edge,Los Angeles Clippers @ Phoenix Suns,2025-11-07T02:00:00Z,2
Bradley Beal,player_points,16.5,120.0,bovada,0.45454545454545453,-160.0,bovada,0.6153846153846154,1.06993006993007,-6.535947712418311,False,,,,,,,Don't bet - bookmaker has edge,Los Angeles Clippers @ Phoenix Suns,2025-11-07T02:00:00Z,1
Bradley Beal,player_points,17.5,150.0,bovada,0.4,-200.0,bovada,0.6666666666666666,1.0666666666666667,-6.25,False,,,,,,,Don't bet - bookmaker has edge,Los Angeles Clippers @ Phoenix Suns,2025-11-07T02:00:00Z,1
Bradley Beal,player_points,18.5,190.0,bovada,0.3448275862068966,-260.0,bovada,0.7222222222222222,1.0670498084291187,-6.283662477558338,False,,,,,,,Don't bet - bookmaker has edge,Los Angeles Clippers @ Phoenix Suns,2025-11-07T02:00:00Z,1
Brook Lopez,player_points,6.5,-108.0,fanduel,0.5192307692307693,-116.0,betonlineag,0.5370370370370371,1.0562678062678064,-5.327039784221177,False,,,,,,,Don't bet - bookmaker has edge,Los Angeles Clippers @ Phoenix Suns,2025-11-07T02:00:00Z,2
Brook Lopez,player_points,7.5,100.0,williamhill_us,0.5,-122.0,draftkings,0.5495495495495496,1.0495495495495497,-4.721030042918473,False,,,,,,,Don't bet - bookmaker has edge,Los Angeles Clippers @ Phoenix Suns,2025-11-07T02:00:00Z,3
Chris Paul,player_points,5.5,-167.0,betrivers,0.6254681647940075,120.0,betrivers,0.45454545454545453,1.080013619339462,-7.408575031525855,False,,,,,,,Don't bet - bookmaker has edge,Los Angeles Clippers @ Phoenix Suns,2025-11-07T02:00:00Z,1
Chris Paul,player_points,6.5,-110.0,betmgm,0.5238095238095238,-105.0,draftkings,0.5121951219512195,1.0360046457607432,-3.4753363228699485,False,,,,,,,Don't bet - bookmaker has edge,Los Angeles Clippers @ Phoenix Suns,2025-11-07T02:00:00Z,5
Chris Paul,player_points,7.5,112.0,betrivers,0.4716981132075472,-112.0,betonlineag,0.5283018867924528,1.0,0.0,False,,,,,,,Don't bet - bookmaker has edge,Los Angeles Clippers @ Phoenix Suns,2025-11-07T02:00:00Z,2
Collin Gillespie,player_points,7.5,-240.0,bovada,0.7058823529411765,175.0,bovada,0.36363636363636365,1.0695187165775402,-6.500000000000005,False,,,,,,,Don't bet - bookmaker has edge,Los Angeles Clippers @ Phoenix Suns,2025-11-07T02:00:00Z,1
Collin Gillespie,player_points,8.5,-165.0,bovada,0.6226415094339622,125.0,bovada,0.4444444444444444,1.0670859538784065,-6.286836935166984,False,,,,,,,Don't bet - bookmaker has edge,Los Angeles Clippers @ Phoenix Suns,2025-11-07T02:00:00Z,1
Collin Gillespie,player_points,9.5,103.0,draftkings,0.49261083743842365,-110.0,bovada,0.5238095238095238,1.0164203612479474,-1.6155088852988664,False,,,,,,,Don't bet - bookmaker has edge,Los Angeles Clippers @ Phoenix Suns,2025-11-07T02:00:00Z,6
Collin Gillespie,player_points,10.5,115.0,bovada,0.46511627906976744,-150.0,bovada,0.6,1.0651162790697675,-6.113537117903933,False,,,,,,,Don't bet - bookmaker has edge,Los Angeles Clippers @ Phoenix Suns,2025-11-07T02:00:00Z,1
Collin Gillespie,player_points,11.5,150.0,bovada,0.4,-200.0,bovada,0.6666666666666666,1.0666666666666667,-6.25,False,,,,,,,Don't bet - bookmaker has edge,Los Angeles Clippers @ Phoenix Suns,2025-11-07T02:00:00Z,1
Collin Gillespie,player_points,12.5,200.0,bovada,0.3333333333333333,-275.0,bovada,0.7333333333333333,1.0666666666666667,-6.25,False,,,,,,,Don't bet - bookmaker has edge,Los Angeles Clippers @ Phoenix Suns,2025-11-07T02:00:00Z,1
Derrick Jones,player_points,9.5,-215.0,bovada,0.6825396825396826,160.0,bovada,0.38461538461538464,1.0671550671550671,-6.292906178489699,False,,,,,,,Don't bet - bookmaker has edge,Los Angeles Clippers @ Phoenix Suns,2025-11-07T02:00:00Z,1
Derrick Jones,player_points,10.5,-139.0,betrivers,0.5815899581589958,115.0,bovada,0.46511627906976744,1.0467062372287632,-4.462210653527931,False,,,,,,,Don't bet - bookmaker has edge,Los Angeles Clippers @ Phoenix Suns,2025-11-07T02:00:00Z,2
Derrick Jones,player_points,11.5,-112.0,betrivers,0.5283018867924528,-102.0,fanduel,0.504950495049505,1.0332523818419577,-3.218224552522142,False,,,,,,,Don't bet - bookmaker has edge,Los Angeles Clippers @ Phoenix Suns,2025-11-07T02:00:00Z,6
Derrick Jones,player_points,12.5,115.0,bovada,0.46511627906976744,-123.0,draftkings,0.5515695067264574,1.0166857857962248,-1.6411939686121646,False,,,,,,,Don't bet - bookmaker has edge,Los Angeles Clippers @ Phoenix Suns,2025-11-07T02:00:00Z,3
Derrick Jones,player_points,13.5,150.0,bovada,0.4,-200.0,bovada,0.6666666666666666,1.0666666666666667,-6.25,False,,,,,,,Don't bet - bookmaker has edge,Los Angeles Clippers @ Phoenix Suns,2025-11-07T02:00:00Z,1
Derrick Jones,player_points,14.5,190.0,bovada,0.3448275862068966,-260.0,bovada,0.7222222222222222,1.0670498084291187,-6.283662477558338,False,,,,,,,Don't bet - bookmaker has edge,Los Angeles Clippers @ Phoenix Suns,2025-11-07T02:00:00Z,1
Devin Booker,player_points,24.5,-260.0,bovada,0.7222222222222222,190.0,bovada,0.3448275862068966,1.0670498084291187,-6.283662477558338,False,,,,,,,Don't bet - bookmaker has edge,Los Angeles Clippers @ Phoenix Suns,2025-11-07T02:00:00Z,1
Devin Booker,player_points,25.5,-210.0,bovada,0.6774193548387096,155.0,bovada,0.39215686274509803,1.0695762175838077,-6.5050266114724975,False,,,,,,,Don't bet - bookmaker has edge,Los Angeles Clippers @ Phoenix Suns,2025-11-07T02:00:00Z,1
Devin Booker,player_points,26.5,-152.0,betrivers,0.6031746031746031,130.0,bovada,0.43478260869565216,1.0379572118702554,-3.656914893617025,False,,,,,,,Don't bet - bookmaker has edge,Los Angeles Clippers @ Phoenix Suns,2025-11-07T02:00:00Z,2
Devin Booker,player_points,27.5,-127.0,betrivers,0.5594713656387665,105.0,bovada,0.4878048780487805,1.0472762436875471,-4.514209500359101,False,,,,,,,Don't bet - bookmaker has edge,Los Angeles Clippers @ Phoenix Suns,2025-11-07T02:00:00Z,3
Devin Booker,player_points,28.5,104.0,betonlineag,0.49019607843137253,-115.0,bovada,0.5348837209302325,1.025079799361605,-2.4466192170818357,False,,,,,,,Don't bet - bookmaker has edge,Los Angeles Clippers @ Phoenix Suns,2025-11-07T02:00:00Z,6
Devin Booker,player_points,29.5,110.0,betrivers,0.47619047619047616,-135.0,bovada,0.574468085106383,1.050658561296859,-4.821600771456113,False,,,,,,,Don't bet - bookmaker has edge,Los Angeles Clippers @ Phoenix Suns,2025-11-07T02:00:00Z,2
Devin Booker,player_points,30.5,125.0,bovada,0.4444444444444444,-165.0,bovada,0.6226415094339622,1.0670859538784065,-6.286836935166984,False,,,,,,,Don't bet - bookmaker has edge,Los Angeles Clippers @ Phoenix Suns,2025-11-07T02:00:00Z,1
Devin Booker,player_points,31.5,150.0,bovada,0.4,-200.0,bovada,0.6666666666666666,1.0666666666666667,-6.25,False,,,,,,,Don't bet - bookmaker has edge,Los Angeles Clippers @ Phoenix Suns,2025-11-07T02:00:00Z,1
Devin Booker,player_points,32.5,175.0,bovada,0.36363636363636365,-240.0,bovada,0.7058823529411765,1.0695187165775402,-6.500000000000005,False,,,,,,,Don't bet - bookmaker has edge,Los Angeles Clippers @ Phoenix Suns,2025-11-07T02:00:00Z,1
Devin Booker,player_points,33.5,210.0,bovada,0.3225806451612903,-290.0,bovada,0.7435897435897436,1.0661703887510339,-6.206361520558568,False,,,,,,,Don't bet - bookmaker has edge,Los Angeles Clippers @ Phoenix Suns,2025-11-07T02:00:00Z,1
Grayson Allen,player_points,12.5,-230.0,bovada,0.696969696969697,170.0,bovada,0.37037037037037035,1.0673400673400675,-6.309148264984243,False,,,,,,,Don't bet - bookmaker has edge,Los Angeles Clippers @ Phoenix Suns,2025-11-07T02:00:00Z,1
Grayson Allen,player_points,13.5,-155.0,betrivers,0.6078431372549019,130.0,bovada,0.43478260869565216,1.0426257459505541,-4.088307440719541,False,,,,,,,Don't bet - bookmaker has edge,Los Angeles Clippers @ Phoenix Suns,2025-11-07T02:00:00Z,2
Grayson Allen,player_points,14.5,-125.0,betrivers,0.5555555555555556,100.0,fanduel,0.5,1.0555555555555556,-5.263157894736848,False,,,,,,,Don't bet - bookmaker has edge,Los Angeles Clippers @ Phoenix Suns,2025-11-07T02:00:00Z,3
Grayson Allen,player_points,15.5,100.0,bovada,0.5,-116.0,draftkings,0.5370370370370371,1.0370370370370372,-3.571428571428592,False,,,,,,,Don't bet - bookmaker has edge,Los Angeles Clippers @ Phoenix Suns,2025-11-07T02:00:00Z,6
Grayson Allen,player_points,16.5,125.0,bovada,0.4444444444444444,-159.0,betrivers,0.6138996138996139,1.0583440583440584,-5.512768544791246,False,,,,,,,Don't bet - bookmaker has edge,Los Angeles Clippers @ Phoenix Suns,2025-11-07T02:00:00Z,2
Grayson Allen,player_points,17.5,160.0,bovada,0.38461538461538464,-215.0,bovada,0.6825396825396826,1.0671550671550671,-6.292906178489699,False,,,,,,,Don't bet - bookmaker has edge,Los Angeles Clippers @ Phoenix Suns,2025-11-07T02:00:00Z,1
Grayson Allen,player_points,18.5,200.0,bovada,0.3333333333333333,-275.0,bovada,0.7333333333333333,1.0666666666666667,-6.25,False,,,,,,,Don't bet - bookmaker has edge,Los Angeles Clippers @ Phoenix Suns,2025-11-07T02:00:00Z,1
Ivica Zubac,player_points,14.5,-250.0,bovada,0.7142857142857143,185.0,bovada,0.3508771929824561,1.0651629072681703,-6.117647058823517,False,,,,,,,Don't bet - bookmaker has edge,Los Angeles Clippers @ Phoenix Suns,2025-11-07T02:00:00Z,1
Ivica Zubac,player_points,15.5,-190.0,bovada,0.6551724137931034,145.0,bovada,0.40816326530612246,1.0633356790992259,-5.956320317670416,False,,,,,,,Don't bet - bookmaker has edge,Los Angeles Clippers @ Phoenix Suns,2025-11-07T02:00:00Z,1
Ivica Zubac,player_points,16.5,-141.0,betrivers,0.5850622406639004,115.0,bovada,0.46511627906976744,1.050178519733668,-4.778094275475519,False,,,,,,,Don't bet - bookmaker has edge,Los Angeles Clippers @ Phoenix Suns,2025-11-07T02:00:00Z,2
Ivica Zubac,player_points,17.5,-113.0,draftkings,0.5305164319248826,-105.0,betmgm,0.5121951219512195,1.042711553876102,-4.096200307489561,False,,,,,,,Don't bet - bookmaker has edge,Los Angeles Clippers @ Phoenix Suns,2025-11-07T02:00:00Z,7
Ivica Zubac,player_points,18.5,110.0,bovada,0.47619047619047616,-143.0,betrivers,0.588477366255144,1.0646678424456202,-6.073992269464378,False,,,,,,,Don't bet - bookmaker has edge,Los Angeles Clippers @ Phoenix Suns,2025-11-07T02:00:00Z,2
Ivica Zubac,player_points,19.5,135.0,bovada,0.425531914893617,-180.0,bovada,0.6428571428571429,1.06838905775076,-6.401137980085359,False,,,,,,,Don't bet - bookmaker has edge,Los Angeles Clippers @ Phoenix Suns,2025-11-07T02:00:00Z,1
Ivica Zubac,player_points,20.5,170.0,bovada,0.37037037037037035,-230.0,bovada,0.696969696969697,1.0673400673400675,-6.309148264984243,False,,,,,,,Don't bet - bookmaker has edge,Los Angeles Clippers @ Phoenix Suns,2025-11-07T02:00:00Z,1
Ivica Zubac,player_points,21.5,210.0,bovada,0.3225806451612903,-290.0,bovada,0.7435897435897436,1.0661703887510339,-6.206361520558568,False,,,,,,,Don't bet - bookmaker has edge,Los Angeles Clippers @ Phoenix Suns,2025-11-07T02:00:00Z,1
Jalen Green,player_points,10.5,-280.0,bovada,0.7368421052631579,205.0,bovada,0.32786885245901637,1.0647109577221743,-6.077795786061591,False,,,,,,,Don't bet - bookmaker has edge,Los Angeles Clippers @ Phoenix Suns,2025-11-07T02:00:00Z,1
Jalen Green,player_points,11.5,-200.0,bovada,0.6666666666666666,150.0,bovada,0.4,1.0666666666666667,-6.25,False,,,,,,,Don't bet - bookmaker has edge,Los Angeles Clippers @ Phoenix Suns,2025-11-07T02:00:00Z,1
Jalen Green,player_points,12.5,-135.0,betmgm,0.574468085106383,115.0,bovada,0.46511627906976744,1.0395843641761504,-3.8077106139933314,False,,,,,,,Don't bet - bookmaker has edge,Los Angeles Clippers @ Phoenix Suns,2025-11-07T02:00:00Z,3
Jalen Green,player_points,13.5,-102.0,draftkings,0.504950495049505,-115.0,bovada,0.5348837209302325,1.0398342159797376,-3.8308237378210874,False,,,,,,,Don't bet - bookmaker has edge,Los Angeles Clippers @ Phoenix Suns,2025-11-07T02:00:00Z,6
Jalen Green,player_points,14.5,118.0,betrivers,0.45871559633027525,-150.0,bovada,0.6,1.0587155963302752,-5.54592720970537,False,,,,,,,Don't bet - bookmaker has edge,Los Angeles Clippers @ Phoenix Suns,2025-11-07T02:00:00Z,2
Jalen Green,player_points,15.5,145.0,bovada,0.40816326530612246,-190.0,bovada,0.6551724137931034,1.0633356790992259,-5.956320317670416,False,,,,,,,Don't bet - bookmaker has edge,Los Angeles Clippers @ Phoenix Suns,2025-11-07T02:00:00Z,1
Jalen Green,player_points,16.5,185.0,bovada,0.3508771929824561,-250.0,bovada,0.7142857142857143,1.0651629072681703,-6.117647058823517,False,,,,,,,Don't bet - bookmaker has edge,Los Angeles Clippers @ Phoenix Suns,2025-11-07T02:00:00Z,1
John Collins,player_points,14.5,-220.0,bovada,0.6875,165.0,bovada,0.37735849056603776,1.0648584905660377,-6.0908084163898035,False,,,,,,,Don't bet - bookmaker has edge,Los Angeles Clippers @ Phoenix Suns,2025-11-07T02:00:00Z,1
John Collins,player_points,15.5,-170.0,bovada,0.6296296296296297,130.0,bovada,0.43478260869565216,1.0644122383252819,-6.0514372163388845,False,,,,,,,Don't bet - bookmaker has edge,Los Angeles Clippers @ Phoenix Suns,2025-11-07T02:00:00Z,1
John Collins,player_points,16.5,-130.0,bovada,0.5652173913043478,100.0,bovada,0.5,1.0652173913043477,-6.122448979591821,False,,,,,,,Don't bet - bookmaker has edge,Los Angeles Clippers @ Phoenix Suns,2025-11-07T02:00:00Z,2
John Collins,player_points,17.5,-105.0,bovada,0.5121951219512195,-114.0,draftkings,0.5327102803738317,1.0449054023250512,-4.297556719022689,False,,,,,,,Don't bet - bookmaker has edge,Los Angeles Clippers @ Phoenix Suns,2025-11-07T02:00:00Z,5
John Collins,player_points,18.5,120.0,bovada,0.45454545454545453,-160.0,bovada,0.6153846153846154,1.06993006993007,-6.535947712418311,False,,,,,,,Don't bet - bookmaker has edge,Los Angeles Clippers @ Phoenix Suns,2025-11-07T02:00:00Z,1
John Collins,player_points,19.5,150.0,bovada,0.4,-200.0,bovada,0.6666666666666666,1.0666666666666667,-6.25,False,,,,,,,Don't bet - bookmaker has edge,Los Angeles Clippers @ Phoenix Suns,2025-11-07T02:00:00Z,1
John Collins,player_points,20.5,190.0,bovada,0.3448275862068966,-260.0,bovada,0.7222222222222222,1.0670498084291187,-6.283662477558338,False,,,,,,,Don't bet - bookmaker has edge,Los Angeles Clippers @ Phoenix Suns,2025-11-07T02:00:00Z,1
Kris Dunn,player_points,6.5,-215.0,bovada,0.6825396825396826,160.0,bovada,0.38461538461538464,1.0671550671550671,-6.292906178489699,False,,,,,,,Don't bet - bookmaker has edge,Los Angeles Clippers @ Phoenix Suns,2025-11-07T02:00:00Z,1
Kris Dunn,player_points,7.5,-145.0,bovada,0.5918367346938775,110.0,bovada,0.47619047619047616,1.0680272108843538,-6.369426751592366,False,,,,,,,Don't bet - bookmaker has edge,Los Angeles Clippers @ Phoenix Suns,2025-11-07T02:00:00Z,2
Kris Dunn,player_points,8.5,100.0,betmgm,0.5,-118.0,fanduel,0.5412844036697247,1.0412844036697249,-3.96475770925111,False,,,,,,,Don't bet - bookmaker has edge,Los Angeles Clippers @ Phoenix Suns,2025-11-07T02:00:00Z,7
Kris Dunn,player_points,9.5,130.0,bovada,0.43478260869565216,-159.0,betrivers,0.6138996138996139,1.0486822225952661,-4.642228269569393,False,,,,,,,Don't bet - bookmaker has edge,Los Angeles Clippers @ Phoenix Suns,2025-11-07T02:00:00Z,2
Kris Dunn,player_points,10.5,175.0,bovada,0.36363636363636365,-240.0,bovada,0.7058823529411765,1.0695187165775402,-6.500000000000005,False,,,,,,,Don't bet - bookmaker has edge,Los Angeles Clippers @ Phoenix Suns,2025-11-07T02:00:00Z,1
Mark Williams,player_points,10.5,-275.0,bovada,0.7333333333333333,200.0,bovada,0.3333333333333333,1.0666666666666667,-6.25,False,,,,,,,Don't bet - bookmaker has edge,Los Angeles Clippers @ Phoenix Suns,2025-11-07T02:00:00Z,1
Mark Williams,player_points,11.5,-190.0,bovada,0.6551724137931034,145.0,bovada,0.40816326530612246,1.0633356790992259,-5.956320317670416,False,,,,,,,Don't bet - bookmaker has edge,Los Angeles Clippers @ Phoenix Suns,2025-11-07T02:00:00Z,1
Mark Williams,player_points,12.5,-134.0,betrivers,0.5726495726495726,110.0,bovada,0.47619047619047616,1.0488400488400487,-4.656577415599516,False,,,,,,,Don't bet - bookmaker has edge,Los Angeles Clippers @ Phoenix Suns,2025-11-07T02:00:00Z,2
Mark Williams,player_points,13.5,-106.0,fanduel,0.5145631067961165,-109.0,draftkings,0.5215311004784688,1.0360942072745853,-3.483680057388805,False,,,,,,,Don't bet - bookmaker has edge,Los Angeles Clippers @ Phoenix Suns,2025-11-07T02:00:00Z,7
Mark Williams,player_points,14.5,120.0,bovada,0.45454545454545453,-160.0,bovada,0.6153846153846154,1.06993006993007,-6.535947712418311,False,,,,,,,Don't bet - bookmaker has edge,Los Angeles Clippers @ Phoenix Suns,2025-11-07T02:00:00Z,1
Mark Williams,player_points,15.5,150.0,bovada,0.4,-200.0,bovada,0.6666666666666666,1.0666666666666667,-6.25,False,,,,,,,Don't bet - bookmaker has edge,Los Angeles Clippers @ Phoenix Suns,2025-11-07T02:00:00Z,1
Mark Williams,player_points,16.5,190.0,bovada,0.3448275862068966,-260.0,bovada,0.7222222222222222,1.0670498084291187,-6.283662477558338,False,,,,,,,Don't bet - bookmaker has edge,Los Angeles Clippers @ Phoenix Suns,2025-11-07T02:00:00Z,1
Nicolas Batum,player_points,5.5,-145.0,williamhill_us,0.5918367346938775,115.0,betonlineag,0.46511627906976744,1.056953013763645,-5.388414907947903,False,,,,,,,Don't bet - bookmaker has edge,Los Angeles Clippers @ Phoenix Suns,2025-11-07T02:00:00Z,3
Nicolas Batum,player_points,6.5,109.0,draftkings,0.4784688995215311,-139.0,draftkings,0.5815899581589958,1.060058857680527,-5.665615380257227,False,,,,,,,Don't bet - bookmaker has edge,Los Angeles Clippers @ Phoenix Suns,2025-11-07T02:00:00Z,1
Oso Ighodaro,player_points,4.5,-110.0,betmgm,0.5238095238095238,-120.0,betmgm,0.5454545454545454,1.0692640692640691,-6.477732793522262,False,,,,,,,Don't bet - bookmaker has edge,Los Angeles Clippers @ Phoenix Suns,2025-11-07T02:00:00Z,1
Royce O'Neale,player_points,6.5,-260.0,bovada,0.7222222222222222,190.0,bovada,0.3448275862068966,1.0670498084291187,-6.283662477558338,False,,,,,,,Don't bet - bookmaker has edge,Los Angeles Clippers @ Phoenix Suns,2025-11-07T02:00:00Z,1
Royce O'Neale,player_points,7.5,-180.0,bovada,0.6428571428571429,135.0,bovada,0.425531914893617,1.06838905775076,-6.401137980085359,False,,,,,,,Don't bet - bookmaker has edge,Los Angeles Clippers @ Phoenix Suns,2025-11-07T02:00:00Z,1
Royce O'Neale,player_points,8.5,-123.0,betonlineag,0.5515695067264574,107.0,draftkings,0.4830917874396135,1.0346612941660709,-3.35001360943028,False,,,,,,,Don't bet - bookmaker has edge,Los Angeles Clippers @ Phoenix Suns,2025-11-07T02:00:00Z,5
Royce O'Neale,player_points,9.5,110.0,bovada,0.47619047619047616,-134.0,betrivers,0.5726495726495726,1.0488400488400487,-4.656577415599516,False,,,,,,,Don't bet - bookmaker has edge,Los Angeles Clippers @ Phoenix Suns,2025-11-07T02:00:00Z,4
Royce O'Neale,player_points,10.5,150.0,bovada,0.4,-165.0,betrivers,0.6226415094339622,1.0226415094339623,-2.2140221402214055,False,,,,,,,Don't bet - bookmaker has edge,Los Angeles Clippers @ Phoenix Suns,2025-11-07T02:00:00Z,2
Royce O'Neale,player_points,11.5,200.0,bovada,0.3333333333333333,-275.0,bovada,0.7333333333333333,1.0666666666666667,-6.25,False,,,,,,,Don't bet - bookmaker has edge,Los Angeles Clippers @ Phoenix Suns,2025-11-07T02:00:00Z,1
Ryan Dunn,player_points,6.5,-240.0,bovada,0.7058823529411765,175.0,bovada,0.36363636363636365,1.0695187165775402,-6.500000000000005,False,,,,,,,Don't bet - bookmaker has edge,Los Angeles Clippers @ Phoenix Suns,2025-11-07T02:00:00Z,1
Ryan Dunn,player_points,7.5,-165.0,bovada,0.6226415094339622,125.0,bovada,0.4444444444444444,1.0670859538784065,-6.286836935166984,False,,,,,,,Don't bet - bookmaker has edge,Los Angeles Clippers @ Phoenix Suns,2025-11-07T02:00:00Z,1
Ryan Dunn,player_points,8.5,-115.0,bovada,0.5348837209302325,-102.0,draftkings,0.504950495049505,1.0398342159797376,-3.8308237378210874,False,,,,,,,Don't bet - bookmaker has edge,Los Angeles Clippers @ Phoenix Suns,2025-11-07T02:00:00Z,4
Ryan Dunn,player_points,9.5,120.0,bovada,0.45454545454545453,-128.0,fanduel,0.5614035087719298,1.0159489633173844,-1.5698587127158548,False,,,,,,,Don't bet - bookmaker has edge,Los Angeles Clippers @ Phoenix Suns,2025-11-07T02:00:00Z,3
Ryan Dunn,player_points,10.5,160.0,bovada,0.38461538461538464,-215.0,bovada,0.6825396825396826,1.0671550671550671,-6.292906178489699,False,,,,,,,Don't bet - bookmaker has edge,Los Angeles Clippers @ Phoenix Suns,2025-11-07T02:00:00Z,1
Bogdan Bogdanovic,player_points_rebounds_assists,14.5,-240.0,bovada,0.7058823529411765,175.0,bovada,0.36363636363636365,1.0695187165775402,-6.500000000000005,False,,,,,,,Don't bet - bookmaker has edge,Los Angeles Clippers @ Phoenix Suns,2025-11-07T02:00:00Z,1
Bogdan Bogdanovic,player_points_rebounds_assists,15.5,-180.0,bovada,0.6428571428571429,135.0,bovada,0.425531914893617,1.06838905775076,-6.401137980085359,False,,,,,,,Don't bet - bookmaker has edge,Los Angeles Clippers @ Phoenix Suns,2025-11-07T02:00:00Z,1
Bogdan Bogdanovic,player_points_rebounds_assists,16.5,-135.0,bovada,0.574468085106383,105.0,bovada,0.4878048780487805,1.0622729631551635,-5.862237420615535,False,,,,,,,Don't bet - bookmaker has edge,Los Angeles Clippers @ Phoenix Suns,2025-11-07T02:00:00Z,1
Bogdan Bogdanovic,player_points_rebounds_assists,17.5,-110.0,bovada,0.5238095238095238,-105.0,betmgm,0.5121951219512195,1.0360046457607432,-3.4753363228699485,False,,,,,,,Don't bet - bookmaker has edge,Los Angeles Clippers @ Phoenix Suns,2025-11-07T02:00:00Z,2
Bogdan Bogdanovic,player_points_rebounds_assists,18.5,115.0,bovada,0.46511627906976744,-114.0,betonlineag,0.5327102803738317,0.9978265594435991,0.2178174689610124,True,46.61,53.39,100.22,100.22,0.22,100.0,"Bet $46.61 Over @ bovada, $53.39 Under @ betonlineag",Los Angeles Clippers @ Phoenix Suns,2025-11-07T02:00:00Z,2
Bradley Beal,player_points_rebounds_assists,17.5,-200.0,bovada,0.6666666666666666,150.0,bovada,0.4,1.0666666666666667,-6.25,False,,,,,,,Don't bet - bookmaker has edge,Los Angeles Clippers @ Phoenix Suns,2025-11-07T02:00:00Z,1
Bradley Beal,player_points_rebounds_assists,18.5,-160.0,bovada,0.6153846153846154,120.0,bovada,0.45454545454545453,1.06993006993007,-6.535947712418311,False,,,,,,,Don't bet - bookmaker has edge,Los Angeles Clippers @ Phoenix Suns,2025-11-07T02:00:00Z,1
Bradley Beal,player_points_rebounds_assists,19.5,-125.0,bovada,0.5555555555555556,-105.0,bovada,0.5121951219512195,1.067750677506775,-6.345177664974622,False,,,,,,,Don't bet - bookmaker has edge,Los Angeles Clippers @ Phoenix Suns,2025-11-07T02:00:00Z,1
Bradley Beal,player_points_rebounds_assists,20.5,100.0,bovada,0.5,-125.0,betonlineag,0.5555555555555556,1.0555555555555556,-5.263157894736848,False,,,,,,,Don't bet - bookmaker has edge,Los Angeles Clippers @ Phoenix Suns,2025-11-07T02:00:00Z,3
Bradley Beal,player_points_rebounds_assists,21.5,120.0,bovada,0.45454545454545453,-160.0,bovada,0.6153846153846154,1.06993006993007,-6.535947712418311,False,,,,,,,Don't bet - bookmaker has edge,Los Angeles Clippers @ Phoenix Suns,2025-11-07T02:00:00Z,1
Brook Lopez,player_points_rebounds_assists,10.5,-130.0,betonlineag,0.5652173913043478,100.0,betonlineag,0.5,1.0652173913043477,-6.122448979591821,False,,,,,,,Don't bet - bookmaker has edge,Los Angeles Clippers @ Phoenix Suns,2025-11-07T02:00:00Z,1
Brook Lopez,player_points_rebounds_assists,11.5,105.0,betmgm,0.4878048780487805,-140.0,betmgm,0.5833333333333334,1.071138211382114,-6.641366223908928,False,,,,,,,Don't bet - bookmaker has edge,Los Angeles Clippers @ Phoenix Suns,2025-11-07T02:00:00Z,1
Chris Paul,player_points_rebounds_assists,13.5,-200.0,bovada,0.6666666666666666,150.0,bovada,0.4,1.0666666666666667,-6.25,False,,,,,,,Don't bet - bookmaker has edge,Los Angeles Clippers @ Phoenix Suns,2025-11-07T02:00:00Z,1
Chris Paul,player_points_rebounds_assists,14.5,-150.0,bovada,0.6,115.0,bovada,0.46511627906976744,1.0651162790697675,-6.113537117903933,False,,,,,,,Don't bet - bookmaker has edge,Los Angeles Clippers @ Phoenix Suns,2025-11-07T02:00:00Z,1
Chris Paul,player_points_rebounds_assists,15.5,-115.0,bovada,0.5348837209302325,-102.0,fanduel,0.504950495049505,1.0398342159797376,-3.8308237378210874,False,,,,,,,Don't bet - bookmaker has edge,Los Angeles Clippers @ Phoenix Suns,2025-11-07T02:00:00Z,3
Chris Paul,player_points_rebounds_assists,16.5,110.0,bovada,0.47619047619047616,-118.0,betonlineag,0.5412844036697247,1.017474879860201,-1.7174753112923935,False,,,,,,,Don't bet - bookmaker has edge,Los Angeles Clippers @ Phoenix Suns,2025-11-07T02:00:00Z,2
Chris Paul,player_points_rebounds_assists,17.5,140.0,bovada,0.4166666666666667,-185.0,bovada,0.6491228070175439,1.0657894736842106,-6.172839506172845,False,,,,,,,Don't bet - bookmaker has edge,Los Angeles Clippers @ Phoenix Suns,2025-11-07T02:00:00Z,1
Collin Gillespie,player_points_rebounds_assists,14.5,-200.0,bovada,0.6666666666666666,150.0,bovada,0.4,1.0666666666666667,-6.25,False,,,,,,,Don't bet - bookmaker has edge,Los Angeles Clippers @ Phoenix Suns,2025-11-07T02:00:00Z,1
Collin Gillespie,player_points_rebounds_assists,15.5,-150.0,bovada,0.6,115.0,bovada,0.46511627906976744,1.0651162790697675,-6.113537117903933,False,,,,,,,Don't bet - bookmaker has edge,Los Angeles Clippers @ Phoenix Suns,2025-11-07T02:00:00Z,1
Collin Gillespie,player_points_rebounds_assists,16.5,-119.0,betonlineag,0.54337899543379,-105.0,betmgm,0.5121951219512195,1.0555741173850095,-5.264823802489982,False,,,,,,,Don't bet - bookmaker has edge,Los Angeles Clippers @ Phoenix Suns,2025-11-07T02:00:00Z,3
Collin Gillespie,player_points_rebounds_assists,17.5,105.0,bovada,0.4878048780487805,-135.0,bovada,0.574468085106383,1.0622729631551635,-5.862237420615535,False,,,,,,,Don't bet - bookmaker has edge,Los Angeles Clippers @ Phoenix Suns,2025-11-07T02:00:00Z,1
Collin Gillespie,player_points_rebounds_assists,18.5,130.0,bovada,0.43478260869565216,-170.0,bovada,0.6296296296296297,1.0644122383252819,-6.0514372163388845,False,,,,,,,Don't bet - bookmaker has edge,Los Angeles Clippers @ Phoenix Suns,2025-11-07T02:00:00Z,1
Derrick Jones,player_points_rebounds_assists,14.5,-200.0,bovada,0.6666666666666666,150.0,bovada,0.4,1.0666666666666667,-6.25,False,,,,,,,Don't bet - bookmaker has edge,Los Angeles Clippers @ Phoenix Suns,2025-11-07T02:00:00Z,1
Derrick Jones,player_points_rebounds_assists,15.5,-150.0,bovada,0.6,115.0,bovada,0.46511627906976744,1.0651162790697675,-6.113537117903933,False,,,,,,,Don't bet - bookmaker has edge,Los Angeles Clippers @ Phoenix Suns,2025-11-07T02:00:00Z,1
Derrick Jones,player_points_rebounds_assists,16.5,-118.0,betmgm,0.5412844036697247,-110.0,bovada,0.5238095238095238,1.0650939274792486,-6.111566858080398,False,,,,,,,Don't bet - bookmaker has edge,Los Angeles Clippers @ Phoenix Suns,2025-11-07T02:00:00Z,2
Derrick Jones,player_points_rebounds_assists,17.5,105.0,bovada,0.4878048780487805,-119.0,betonlineag,0.54337899543379,1.0311838734825705,-3.024084674370886,False,,,,,,,Don't bet - bookmaker has edge,Los Angeles Clippers @ Phoenix Suns,2025-11-07T02:00:00Z,2
Derrick Jones,player_points_rebounds_assists,18.5,130.0,bovada,0.43478260869565216,-170.0,bovada,0.6296296296296297,1.0644122383252819,-6.0514372163388845,False,,,,,,,Don't bet - bookmaker has edge,Los Angeles Clippers @ Phoenix Suns,2025-11-07T02:00:00Z,1
Devin Booker,player_points_rebounds_assists,37.5,-165.0,bovada,0.6226415094339622,125.0,bovada,0.4444444444444444,1.0670859538784065,-6.286836935166984,False,,,,,,,Don't bet - bookmaker has edge,Los Angeles Clippers @ Phoenix Suns,2025-11-07T02:00:00Z,1
Devin Booker,player_points_rebounds_assists,38.5,-135.0,bovada,0.574468085106383,112.0,betrivers,0.4716981132075472,1.04616619831393,-4.412893323100531,False,,,,,,,Don't bet - bookmaker has edge,Los Angeles Clippers @ Phoenix Suns,2025-11-07T02:00:00Z,2
Devin Booker,player_points_rebounds_assists,39.5,-118.0,draftkings,0.5412844036697247,-103.0,betrivers,0.5073891625615764,1.0486735662313011,-4.641441130839508,False,,,,,,,Don't bet - bookmaker has edge,Los Angeles Clippers @ Phoenix Suns,2025-11-07T02:00:00Z,5
Devin Booker,player_points_rebounds_assists,40.5,-105.0,bovada,0.5121951219512195,-118.0,betrivers,0.5412844036697247,1.0534795256209444,-5.0764655904842915,False,,,,,,,Don't bet - bookmaker has edge,Los Angeles Clippers @ Phoenix Suns,2025-11-07T02:00:00Z,3
Devin Booker,player_points_rebounds_assists,41.5,115.0,bovada,0.46511627906976744,-137.0,betrivers,0.5780590717299579,1.0431753507997252,-4.138839243721193,False,,,,,,,Don't bet - bookmaker has edge,Los Angeles Clippers @ Phoenix Suns,2025-11-07T02:00:00Z,2
Devin Booker,player_points_rebounds_assists,42.5,118.0,betrivers,0.45871559633027525,-162.0,betrivers,0.6183206106870229,1.077036207017298,-7.152610702906559,False,,,,,,,Don't bet - bookmaker has edge,Los Angeles Clippers @ Phoenix Suns,2025-11-07T02:00:00Z,1
Grayson Allen,player_points_rebounds_assists,19.5,-215.0,bovada,0.6825396825396826,160.0,bovada,0.38461538461538464,1.0671550671550671,-6.292906178489699,False,,,,,,,Don't bet - bookmaker has edge,Los Angeles Clippers @ Phoenix Suns,2025-11-07T02:00:00Z,1
Grayson Allen,player_points_rebounds_assists,20.5,-165.0,betrivers,0.6226415094339622,130.0,bovada,0.43478260869565216,1.0574241181296145,-5.430566330488751,False,,,,,,,Don't bet - bookmaker has edge,Los Angeles Clippers @ Phoenix Suns,2025-11-07T02:00:00Z,2
Grayson Allen,player_points_rebounds_assists,21.5,-135.0,bovada,0.574468085106383,105.0,bovada,0.4878048780487805,1.0622729631551635,-5.862237420615535,False,,,,,,,Don't bet - bookmaker has edge,Los Angeles Clippers @ Phoenix Suns,2025-11-07T02:00:00Z,2
Grayson Allen,player_points_rebounds_assists,22.5,-110.0,bovada,0.5238095238095238,-105.0,betmgm,0.5121951219512195,1.0360046457607432,-3.4753363228699485,False,,,,,,,Don't bet - bookmaker has edge,Los Angeles Clippers @ Phoenix Suns,2025-11-07T02:00:00Z,6
Grayson Allen,player_points_rebounds_assists,23.5,110.0,bovada,0.47619047619047616,-129.0,betrivers,0.5633187772925764,1.0395092534830526,-3.8007601520304024,False,,,,,,,Don't bet - bookmaker has edge,Los Angeles Clippers @ Phoenix Suns,2025-11-07T02:00:00Z,2
Grayson Allen,player_points_rebounds_assists,24.5,112.0,betrivers,0.4716981132075472,-152.0,betrivers,0.6031746031746031,1.0748727163821503,-6.965728615213152,False,,,,,,,Don't bet - bookmaker has edge,Los Angeles Clippers @ Phoenix Suns,2025-11-07T02:00:00Z,1
Ivica Zubac,player_points_rebounds_assists,29.5,-167.0,betrivers,0.6254681647940075,140.0,bovada,0.4166666666666667,1.0421348314606742,-4.043126684636123,False,,,,,,,Don't bet - bookmaker has edge,Los Angeles Clippers @ Phoenix Suns,2025-11-07T02:00:00Z,2
Ivica Zubac,player_points_rebounds_assists,30.5,-143.0,betrivers,0.588477366255144,120.0,bovada,0.45454545454545453,1.0430228208005985,-4.124820659971295,False,,,,,,,Don't bet - bookmaker has edge,Los Angeles Clippers @ Phoenix Suns,2025-11-07T02:00:00Z,2
Ivica Zubac,player_points_rebounds_assists,31.5,-118.0,draftkings,0.5412844036697247,100.0,bovada,0.5,1.0412844036697249,-3.96475770925111,False,,,,,,,Don't bet - bookmaker has edge,Los Angeles Clippers @ Phoenix Suns,2025-11-07T02:00:00Z,5
Ivica Zubac,player_points_rebounds_assists,32.5,100.0,betmgm,0.5,-120.0,bovada,0.5454545454545454,1.0454545454545454,-4.347826086956519,False,,,,,,,Don't bet - bookmaker has edge,Los Angeles Clippers @ Phoenix Suns,2025-11-07T02:00:00Z,3
Ivica Zubac,player_points_rebounds_assists,33.5,110.0,bovada,0.47619047619047616,-143.0,betrivers,0.588477366255144,1.0646678424456202,-6.073992269464378,False,,,,,,,Don't bet - bookmaker has edge,Los Angeles Clippers @ Phoenix Suns,2025-11-07T02:00:00Z,2
Jalen Green,player_points_rebounds_assists,16.5,-220.0,bovada,0.6875,165.0,bovada,0.37735849056603776,1.0648584905660377,-6.0908084163898035,False,,,,,,,Don't bet - bookmaker has edge,Los Angeles Clippers @ Phoenix Suns,2025-11-07T02:00:00Z,1
Jalen Green,player_points_rebounds_assists,17.5,-170.0,bovada,0.6296296296296297,130.0,bovada,0.43478260869565216,1.0644122383252819,-6.0514372163388845,False,,,,,,,Don't bet - bookmaker has edge,Los Angeles Clippers @ Phoenix Suns,2025-11-07T02:00:00Z,1
Jalen Green,player_points_rebounds_assists,18.5,-135.0,bovada,0.574468085106383,105.0,bovada,0.4878048780487805,1.0622729631551635,-5.862237420615535,False,,,,,,,Don't bet - bookmaker has edge,Los Angeles Clippers @ Phoenix Suns,2025-11-07T02:00:00Z,2
Jalen Green,player_points_rebounds_assists,19.5,-104.0,draftkings,0.5098039215686274,-118.0,betrivers,0.5412844036697247,1.0510883252383523,-4.86051685777854,False,,,,,,,Don't bet - bookmaker has edge,Los Angeles Clippers @ Phoenix Suns,2025-11-07T02:00:00Z,6
Jalen Green,player_points_rebounds_assists,20.5,115.0,bovada,0.46511627906976744,-148.0,betrivers,0.5967741935483871,1.0618904726181546,-5.828329212292482,False,,,,,,,Don't bet - bookmaker has edge,Los Angeles Clippers @ Phoenix Suns,2025-11-07T02:00:00Z,2
John Collins,player_points_rebounds_assists,22.5,-190.0,bovada,0.6551724137931034,145.0,bovada,0.40816326530612246,1.0633356790992259,-5.956320317670416,False,,,,,,,Don't bet - bookmaker has edge,Los Angeles Clippers @ Phoenix Suns,2025-11-07T02:00:00Z,1
John Collins,player_points_rebounds_assists,23.5,-160.0,bovada,0.6153846153846154,120.0,bovada,0.45454545454545453,1.06993006993007,-6.535947712418311,False,,,,,,,Don't bet - bookmaker has edge,Los Angeles Clippers @ Phoenix Suns,2025-11-07T02:00:00Z,1
John Collins,player_points_rebounds_assists,24.5,-125.0,bovada,0.5555555555555556,-105.0,bovada,0.5121951219512195,1.067750677506775,-6.345177664974622,False,,,,,,,Don't bet - bookmaker has edge,Los Angeles Clippers @ Phoenix Suns,2025-11-07T02:00:00Z,1
John Collins,player_points_rebounds_assists,25.5,-105.0,bovada,0.5121951219512195,-118.0,betmgm,0.5412844036697247,1.0534795256209444,-5.0764655904842915,False,,,,,,,Don't bet - bookmaker has edge,Los Angeles Clippers @ Phoenix Suns,2025-11-07T02:00:00Z,3
John Collins,player_points_rebounds_assists,26.5,115.0,bovada,0.46511627906976744,-150.0,bovada,0.6,1.0651162790697675,-6.113537117903933,False,,,,,,,Don't bet - bookmaker has edge,Los Angeles Clippers @ Phoenix Suns,2025-11-07T02:00:00Z,1
Kris Dunn,player_points_rebounds_assists,12.5,-215.0,bovada,0.6825396825396826,160.0,bovada,0.38461538461538464,1.0671550671550671,-6.292906178489699,False,,,,,,,Don't bet - bookmaker has edge,Los Angeles Clippers @ Phoenix Suns,2025-11-07T02:00:00Z,1
Kris Dunn,player_points_rebounds_assists,13.5,-165.0,bovada,0.6226415094339622,125.0,bovada,0.4444444444444444,1.0670859538784065,-6.286836935166984,False,,,,,,,Don't bet - bookmaker has edge,Los Angeles Clippers @ Phoenix Suns,2025-11-07T02:00:00Z,1
Kris Dunn,player_points_rebounds_assists,14.5,-123.0,betonlineag,0.5515695067264574,-103.0,draftkings,0.5073891625615764,1.058958669288034,-5.567608160540716,False,,,,,,,Don't bet - bookmaker has edge,Los Angeles Clippers @ Phoenix Suns,2025-11-07T02:00:00Z,4
Kris Dunn,player_points_rebounds_assists,15.5,105.0,bovada,0.4878048780487805,-135.0,bovada,0.574468085106383,1.0622729631551635,-5.862237420615535,False,,,,,,,Don't bet - bookmaker has edge,Los Angeles Clippers @ Phoenix Suns,2025-11-07T02:00:00Z,1
Kris Dunn,player_points_rebounds_assists,16.5,130.0,bovada,0.43478260869565216,-170.0,bovada,0.6296296296296297,1.0644122383252819,-6.0514372163388845,False,,,,,,,Don't bet - bookmaker has edge,Los Angeles Clippers @ Phoenix Suns,2025-11-07T02:00:00Z,1
Mark Williams,player_points_rebounds_assists,22.5,-170.0,bovada,0.6296296296296297,130.0,bovada,0.43478260869565216,1.0644122383252819,-6.0514372163388845,False,,,,,,,Don't bet - bookmaker has edge,Los Angeles Clippers @ Phoenix Suns,2025-11-07T02:00:00Z,1
Mark Williams,player_points_rebounds_assists,23.5,-145.0,bovada,0.5918367346938775,110.0,bovada,0.47619047619047616,1.0680272108843538,-6.369426751592366,False,,,,,,,Don't bet - bookmaker has edge,Los Angeles Clippers @ Phoenix Suns,2025-11-07T02:00:00Z,1
Mark Williams,player_points_rebounds_assists,24.5,-115.0,betonlineag,0.5348837209302325,-112.0,betonlineag,0.5283018867924528,1.0631856077226853,-5.94304581097812,False,,,,,,,Don't bet - bookmaker has edge,Los Angeles Clippers @ Phoenix Suns,2025-11-07T02:00:00Z,3
Mark Williams,player_points_rebounds_assists,25.5,105.0,bovada,0.4878048780487805,-135.0,bovada,0.574468085106383,1.0622729631551635,-5.862237420615535,False,,,,,,,Don't bet - bookmaker has edge,Los Angeles Clippers @ Phoenix Suns,2025-11-07T02:00:00Z,1
Mark Williams,player_points_rebounds_assists,26.5,125.0,bovada,0.4444444444444444,-165.0,bovada,0.6226415094339622,1.0670859538784065,-6.286836935166984,False,,,,,,,Don't bet - bookmaker has edge,Los Angeles Clippers @ Phoenix Suns,2025-11-07T02:00:00Z,1
Nicolas Batum,player_points_rebounds_assists,10.5,-135.0,betmgm,0.574468085106383,100.0,betmgm,0.5,1.074468085106383,-6.930693069306937,False,,,,,,,Don't bet - bookmaker has edge,Los Angeles Clippers @ Phoenix Suns,2025-11-07T02:00:00Z,1
Nicolas Batum,player_points_rebounds_assists,11.5,-112.0,betonlineag,0.5283018867924528,-115.0,betonlineag,0.5348837209302325,1.0631856077226853,-5.94304581097812,False,,,,,,,Don't bet - bookmaker has edge,Los Angeles Clippers @ Phoenix Suns,2025-11-07T02:00:00Z,1
Oso Ighodaro,player_points_rebounds_assists,9.5,105.0,betmgm,0.4878048780487805,-140.0,betmgm,0.5833333333333334,1.071138211382114,-6.641366223908928,False,,,,,,,Don't bet - bookmaker has edge,Los Angeles Clippers @ Phoenix Suns,2025-11-07T02:00:00Z,1
Royce O'Neale,player_points_rebounds_assists,14.5,-200.0,bovada,0.6666666666666666,150.0,bovada,0.4,1.0666666666666667,-6.25,False,,,,,,,Don't bet - bookmaker has edge,Los Angeles Clippers @ Phoenix Suns,2025-11-07T02:00:00Z,1
Royce O'Neale,player_points_rebounds_assists,15.5,-150.0,bovada,0.6,115.0,bovada,0.46511627906976744,1.0651162790697675,-6.113537117903933,False,,,,,,,Don't bet - bookmaker has edge,Los Angeles Clippers @ Phoenix Suns,2025-11-07T02:00:00Z,1
Royce O'Neale,player_points_rebounds_assists,16.5,-102.0,fanduel,0.504950495049505,-105.0,betmgm,0.5121951219512195,1.0171456170007245,-1.6856600189933513,False,,,,,,,Don't bet - bookmaker has edge,Los Angeles Clippers @ Phoenix Suns,2025-11-07T02:00:00Z,5
Royce O'Neale,player_points_rebounds_assists,17.5,105.0,bovada,0.4878048780487805,-135.0,bovada,0.574468085106383,1.0622729631551635,-5.862237420615535,False,,,,,,,Don't bet - bookmaker has edge,Los Angeles Clippers @ Phoenix Suns,2025-11-07T02:00:00Z,1
Royce O'Neale,player_points_rebounds_assists,18.5,130.0,bovada,0.43478260869565216,-170.0,bovada,0.6296296296296297,1.0644122383252819,-6.0514372163388845,False,,,,,,,Don't bet - bookmaker has edge,Los Angeles Clippers @ Phoenix Suns,2025-11-07T02:00:00Z,1
Ryan Dunn,player_points_rebounds_assists,12.5,-230.0,bovada,0.696969696969697,170.0,bovada,0.37037037037037035,1.0673400673400675,-6.309148264984243,False,,,,,,,Don't bet - bookmaker has edge,Los Angeles Clippers @ Phoenix Suns,2025-11-07T02:00:00Z,1
Ryan Dunn,player_points_rebounds_assists,13.5,-170.0,bovada,0.6296296296296297,130.0,bovada,0.43478260869565216,1.0644122383252819,-6.0514372163388845,False,,,,,,,Don't bet - bookmaker has edge,Los Angeles Clippers @ Phoenix Suns,2025-11-07T02:00:00Z,1
Ryan Dunn,player_points_rebounds_assists,14.5,-130.0,bovada,0.5652173913043478,100.0,bovada,0.5,1.0652173913043477,-6.122448979591821,False,,,,,,,Don't bet - bookmaker has edge,Los Angeles Clippers @ Phoenix Suns,2025-11-07T02:00:00Z,2
Ryan Dunn,player_points_rebounds_assists,15.5,100.0,bovada,0.5,-104.0,fanduel,0.5098039215686274,1.0098039215686274,-0.9708737864077666,False,,,,,,,Don't bet - bookmaker has edge,Los Angeles Clippers @ Phoenix Suns,2025-11-07T02:00:00Z,4
Ryan Dunn,player_points_rebounds_assists,16.5,125.0,bovada,0.4444444444444444,-165.0,bovada,0.6226415094339622,1.0670859538784065,-6.286836935166984,False,,,,,,,Don't bet - bookmaker has edge,Los Angeles Clippers @ Phoenix Suns,2025-11-07T02:00:00Z,1
Bogdan Bogdanovic,player_rebounds,2.5,-139.0,williamhill_us,0.5815899581589958,108.0,betonlineag,0.4807692307692308,1.0623591889282267,-5.86987805801712,False,,,,,,,Don't bet - bookmaker has edge,Los Angeles Clippers @ Phoenix Suns,2025-11-07T02:00:00Z,3
Bradley Beal,player_rebounds,1.5,-155.0,betmgm,0.6078431372549019,120.0,betonlineag,0.45454545454545453,1.0623885918003564,-5.872483221476498,False,,,,,,,Don't bet - bookmaker has edge,Los Angeles Clippers @ Phoenix Suns,2025-11-07T02:00:00Z,2
Brook Lopez,player_rebounds,2.5,-147.0,draftkings,0.5951417004048583,116.0,betonlineag,0.46296296296296297,1.0581046633678213,-5.4913909161765755,False,,,,,,,Don't bet - bookmaker has edge,Los Angeles Clippers @ Phoenix Suns,2025-11-07T02:00:00Z,5
Chris Paul,player_rebounds,2.5,-105.0,betmgm,0.5121951219512195,-110.0,betonlineag,0.5238095238095238,1.0360046457607432,-3.4753363228699485,False,,,,,,,Don't bet - bookmaker has edge,Los Angeles Clippers @ Phoenix Suns,2025-11-07T02:00:00Z,4
Collin Gillespie,player_rebounds,3.5,115.0,williamhill_us,0.46511627906976744,-141.0,betonlineag,0.5850622406639004,1.050178519733668,-4.778094275475519,False,,,,,,,Don't bet - bookmaker has edge,Los Angeles Clippers @ Phoenix Suns,2025-11-07T02:00:00Z,3
Derrick Jones,player_rebounds,3.5,-115.0,betmgm,0.5348837209302325,-103.0,draftkings,0.5073891625615764,1.042272883491809,-4.0558364475708935,False,,,,,,,Don't bet - bookmaker has edge,Los Angeles Clippers @ Phoenix Suns,2025-11-07T02:00:00Z,6
Devin Booker,player_rebounds,3.5,-124.0,betrivers,0.5535714285714286,106.0,betonlineag,0.4854368932038835,1.039008321775312,-3.7543801101284857,False,,,,,,,Don't bet - bookmaker has edge,Los Angeles Clippers @ Phoenix Suns,2025-11-07T02:00:00Z,6
Grayson Allen,player_rebounds,3.5,108.0,fanduel,0.4807692307692308,-120.0,betmgm,0.5454545454545454,1.0262237762237763,-2.555366269165249,False,,,,,,,Don't bet - bookmaker has edge,Los Angeles Clippers @ Phoenix Suns,2025-11-07T02:00:00Z,6
Ivica Zubac,player_rebounds,9.5,-260.0,bovada,0.7222222222222222,190.0,bovada,0.3448275862068966,1.0670498084291187,-6.283662477558338,False,,,,,,,Don't bet - bookmaker has edge,Los Angeles Clippers @ Phoenix Suns,2025-11-07T02:00:00Z,1
Ivica Zubac,player_rebounds,10.5,-165.0,bovada,0.6226415094339622,125.0,bovada,0.4444444444444444,1.0670859538784065,-6.286836935166984,False,,,,,,,Don't bet - bookmaker has edge,Los Angeles Clippers @ Phoenix Suns,2025-11-07T02:00:00Z,1
Ivica Zubac,player_rebounds,11.5,103.0,draftkings,0.49261083743842365,-125.0,bovada,0.5555555555555556,1.0481663929939793,-4.595300261096613,False,,,,,,,Don't bet - bookmaker has edge,Los Angeles Clippers @ Phoenix Suns,2025-11-07T02:00:00Z,7
Ivica Zubac,player_rebounds,12.5,145.0,bovada,0.40816326530612246,-190.0,bovada,0.6551724137931034,1.0633356790992259,-5.956320317670416,False,,,,,,,Don't bet - bookmaker has edge,Los Angeles Clippers @ Phoenix Suns,2025-11-07T02:00:00Z,1
Jalen Green,player_rebounds,2.5,-160.0,betmgm,0.6153846153846154,136.0,fanduel,0.423728813559322,1.0391134289439374,-3.7641154328732718,False,,,,,,,Don't bet - bookmaker has edge,Los Angeles Clippers @ Phoenix Suns,2025-11-07T02:00:00Z,3
Jalen Green,player_rebounds,3.5,141.0,betonlineag,0.4149377593360996,-175.0,draftkings,0.6363636363636364,1.051301395699736,-4.879799067097235,False,,,,,,,Don't bet - bookmaker has edge,Los Angeles Clippers @ Phoenix Suns,2025-11-07T02:00:00Z,3
John Collins,player_rebounds,5.5,-230.0,bovada,0.696969696969697,170.0,bovada,0.37037037037037035,1.0673400673400675,-6.309148264984243,False,,,,,,,Don't bet - bookmaker has edge,Los Angeles Clippers @ Phoenix Suns,2025-11-07T02:00:00Z,1
John Collins,player_rebounds,6.5,-118.0,fanduel,0.5412844036697247,-102.0,draftkings,0.504950495049505,1.0462348987192298,-4.4191699947907725,False,,,,,,,Don't bet - bookmaker has edge,Los Angeles Clippers @ Phoenix Suns,2025-11-07T02:00:00Z,6
John Collins,player_rebounds,7.5,140.0,bovada,0.4166666666666667,-185.0,bovada,0.6491228070175439,1.0657894736842106,-6.172839506172845,False,,,,,,,Don't bet - bookmaker has edge,Los Angeles Clippers @ Phoenix Suns,2025-11-07T02:00:00Z,1
Kris Dunn,player_rebounds,3.5,100.0,draftkings,0.5,-120.0,fanduel,0.5454545454545454,1.0454545454545454,-4.347826086956519,False,,,,,,,Don't bet - bookmaker has edge,Los Angeles Clippers @ Phoenix Suns,2025-11-07T02:00:00Z,6
Mark Williams,player_rebounds,7.5,-260.0,bovada,0.7222222222222222,190.0,bovada,0.3448275862068966,1.0670498084291187,-6.283662477558338,False,,,,,,,Don't bet - bookmaker has edge,Los Angeles Clippers @ Phoenix Suns,2025-11-07T02:00:00Z,1
Mark Williams,player_rebounds,8.5,-145.0,betmgm,0.5918367346938775,115.0,bovada,0.46511627906976744,1.056953013763645,-5.388414907947903,False,,,,,,,Don't bet - bookmaker has edge,Los Angeles Clippers @ Phoenix Suns,2025-11-07T02:00:00Z,2
Mark Williams,player_rebounds,9.5,110.0,bovada,0.47619047619047616,-130.0,draftkings,0.5652173913043478,1.041407867494824,-3.9761431411530768,False,,,,,,,Don't bet - bookmaker has edge,Los Angeles Clippers @ Phoenix Suns,2025-11-07T02:00:00Z,6
Mark Williams,player_rebounds,10.5,170.0,bovada,0.37037037037037035,-230.0,bovada,0.696969696969697,1.0673400673400675,-6.309148264984243,False,,,,,,,Don't bet - bookmaker has edge,Los Angeles Clippers @ Phoenix Suns,2025-11-07T02:00:00Z,1
Nicolas Batum,player_rebounds,3.5,-110.0,betmgm,0.5238095238095238,-103.0,betonlineag,0.5073891625615764,1.0311986863711002,-3.0254777070063743,False,,,,,,,Don't bet - bookmaker has edge,Los Angeles Clippers @ Phoenix Suns,2025-11-07T02:00:00Z,2
Oso Ighodaro,player_rebounds,3.5,105.0,williamhill_us,0.4878048780487805,-135.0,betonlineag,0.574468085106383,1.0622729631551635,-5.862237420615535,False,,,,,,,Don't bet - bookmaker has edge,Los Angeles Clippers @ Phoenix Suns,2025-11-07T02:00:00Z,3
Royce O'Neale,player_rebounds,4.5,-123.0,draftkings,0.5515695067264574,105.0,betrivers,0.4878048780487805,1.039374384775238,-3.788277386088601,False,,,,,,,Don't bet - bookmaker has edge,Los Angeles Clippers @ Phoenix Suns,2025-11-07T02:00:00Z,6
Ryan Dunn,player_rebounds,4.5,-132.0,draftkings,0.5689655172413793,115.0,betmgm,0.46511627906976744,1.0340817963111468,-3.2958511050794947,False,,,,,,,Don't bet - bookmaker has edge,Los Angeles Clippers @ Phoenix Suns,2025-11-07T02:00:00Z,5
Devin Booker,player_steals,0.5,-170.0,bovada,0.6296296296296297,130.0,draftkings,0.43478260869565216,1.0644122383252819,-6.0514372163388845,False,,,,,,,Don't bet - bookmaker has edge,Los Angeles Clippers @ Phoenix Suns,2025-11-07T02:00:00Z,2
Ivica Zubac,player_steals,0.5,-135.0,bovada,0.574468085106383,105.0,bovada,0.4878048780487805,1.0622729631551635,-5.862237420615535,False,,,,,,,Don't bet - bookmaker has edge,Los Angeles Clippers @ Phoenix Suns,2025-11-07T02:00:00Z,2
Jalen Green,player_steals,0.5,-130.0,draftkings,0.5652173913043478,100.0,bovada,0.5,1.0652173913043477,-6.122448979591821,False,,,,,,,Don't bet - bookmaker has edge,Los Angeles Clippers @ Phoenix Suns,2025-11-07T02:00:00Z,2
Kris Dunn,player_steals,1.5,100.0,bovada,0.5,-130.0,bovada,0.5652173913043478,1.0652173913043477,-6.122448979591821,False,,,,,,,Don't bet - bookmaker has edge,Los Angeles Clippers @ Phoenix Suns,2025-11-07T02:00:00Z,2
Ryan Dunn,player_steals,1.5,145.0,bovada,0.40816326530612246,-190.0,bovada,0.6551724137931034,1.0633356790992259,-5.956320317670416,False,,,,,,,Don't bet - bookmaker has edge,Los Angeles Clippers @ Phoenix Suns,2025-11-07T02:00:00Z,2
Bogdan Bogdanovic,player_threes,1.5,-154.0,betonlineag,0.6062992125984252,120.0,draftkings,0.45454545454545453,1.0608446671438798,-5.735492577597845,False,,,,,,,Don't bet - bookmaker has edge,Los Angeles Clippers @ Phoenix Suns,2025-11-07T02:00:00Z,6
Bogdan Bogdanovic,player_threes,2.5,190.0,bovada,0.3448275862068966,-260.0,bovada,0.7222222222222222,1.0670498084291187,-6.283662477558338,False,,,,,,,Don't bet - bookmaker has edge,Los Angeles Clippers @ Phoenix Suns,2025-11-07T02:00:00Z,1
Bradley Beal,player_threes,1.5,-108.0,fanduel,0.5192307692307693,105.0,bovada,0.4878048780487805,1.0070356472795496,-0.6986492780624021,False,,,,,,,Don't bet - bookmaker has edge,Los Angeles Clippers @ Phoenix Suns,2025-11-07T02:00:00Z,7
Brook Lopez,player_threes,1.5,140.0,fanduel,0.4166666666666667,-160.0,betmgm,0.6153846153846154,1.0320512820512822,-3.105590062111807,False,,,,,,,Don't bet - bookmaker has edge,Los Angeles Clippers @ Phoenix Suns,2025-11-07T02:00:00Z,6
Chris Paul,player_threes,1.5,120.0,betonlineag,0.45454545454545453,-151.0,draftkings,0.601593625498008,1.0561390800434625,-5.315500685871055,False,,,,,,,Don't bet - bookmaker has edge,Los Angeles Clippers @ Phoenix Suns,2025-11-07T02:00:00Z,7
Collin Gillespie,player_threes,1.5,-220.0,bovada,0.6875,165.0,bovada,0.37735849056603776,1.0648584905660377,-6.0908084163898035,False,,,,,,,Don't bet - bookmaker has edge,Los Angeles Clippers @ Phoenix Suns,2025-11-07T02:00:00Z,1
Collin Gillespie,player_threes,2.5,158.0,fanduel,0.3875968992248062,-185.0,bovada,0.6491228070175439,1.03671970624235,-3.541912632821731,False,,,,,,,Don't bet - bookmaker has edge,Los Angeles Clippers @ Phoenix Suns,2025-11-07T02:00:00Z,6
Derrick Jones,player_threes,1.5,-115.0,bovada,0.5348837209302325,100.0,fanduel,0.5,1.0348837209302326,-3.370786516853941,False,,,,,,,Don't bet - bookmaker has edge,Los Angeles Clippers @ Phoenix Suns,2025-11-07T02:00:00Z,6
Devin Booker,player_threes,1.5,-220.0,bovada,0.6875,165.0,bovada,0.37735849056603776,1.0648584905660377,-6.0908084163898035,False,,,,,,,Don't bet - bookmaker has edge,Los Angeles Clippers @ Phoenix Suns,2025-11-07T02:00:00Z,1
Devin Booker,player_threes,2.5,143.0,betrivers,0.411522633744856,-173.0,draftkings,0.6336996336996337,1.0452222674444895,-4.326569463072715,False,,,,,,,Don't bet - bookmaker has edge,Los Angeles Clippers @ Phoenix Suns,2025-11-07T02:00:00Z,7
Grayson Allen,player_threes,2.5,-180.0,bovada,0.6428571428571429,135.0,bovada,0.425531914893617,1.06838905775076,-6.401137980085359,False,,,,,,,Don't bet - bookmaker has edge,Los Angeles Clippers @ Phoenix Suns,2025-11-07T02:00:00Z,1
Grayson Allen,player_threes,3.5,140.0,bovada,0.4166666666666667,-149.0,draftkings,0.5983935742971888,1.0150602409638554,-1.4836795252225476,False,,,,,,,Don't bet - bookmaker has edge,Los Angeles Clippers @ Phoenix Suns,2025-11-07T02:00:00Z,5
Jalen Green,player_threes,1.5,-153.0,draftkings,0.6047430830039525,150.0,bovada,0.4,1.0047430830039525,-0.472069236821393,False,,,,,,,Don't bet - bookmaker has edge,Los Angeles Clippers @ Phoenix Suns,2025-11-07T02:00:00Z,7
Jalen Green,player_threes,2.5,150.0,bovada,0.4,-200.0,bovada,0.6666666666666666,1.0666666666666667,-6.25,False,,,,,,,Don't bet - bookmaker has edge,Los Angeles Clippers @ Phoenix Suns,2025-11-07T02:00:00Z,1
John Collins,player_threes,1.5,150.0,bovada,0.4,-180.0,draftkings,0.6428571428571429,1.042857142857143,-4.109589041095896,False,,,,,,,Don't bet - bookmaker has edge,Los Angeles Clippers @ Phoenix Suns,2025-11-07T02:00:00Z,6
Kris Dunn,player_threes,0.5,-250.0,bovada,0.7142857142857143,185.0,bovada,0.3508771929824561,1.0651629072681703,-6.117647058823517,False,,,,,,,Don't bet - bookmaker has edge,Los Angeles Clippers @ Phoenix Suns,2025-11-07T02:00:00Z,1
Kris Dunn,player_threes,1.5,185.0,bovada,0.3508771929824561,-186.0,betrivers,0.6503496503496503,1.0012268433321063,-0.12253400318587016,False,,,,,,,Don't bet - bookmaker has edge,Los Angeles Clippers @ Phoenix Suns,2025-11-07T02:00:00Z,7
Nicolas Batum,player_threes,1.5,-133.0,betonlineag,0.5708154506437768,110.0,betmgm,0.47619047619047616,1.0470059268342529,-4.489556900253744,False,,,,,,,Don't bet - bookmaker has edge,Los Angeles Clippers @ Phoenix Suns,2025-11-07T02:00:00Z,5
Royce O'Neale,player_threes,2.5,116.0,betrivers,0.46296296296296297,-130.0,bovada,0.5652173913043478,1.0281803542673107,-2.740798747063422,False,,,,,,,Don't bet - bookmaker has edge,Los Angeles Clippers @ Phoenix Suns,2025-11-07T02:00:00Z,7
Ryan Dunn,player_threes,1.5,150.0,bovada,0.4,-172.0,draftkings,0.6323529411764706,1.0323529411764705,-3.1339031339031265,False,,,,,,,Don't bet - bookmaker has edge,Los Angeles Clippers @ Phoenix Suns,2025-11-07T02:00:00Z,5
