team,week,opponent,is_away,team_score,opp_score,won,covered,spread,spread_abs,spread_category,is_favorite,fav_dog,spread_fav_category,expected_diff,actual_diff,luck,season_luck_sum,season_wins,season_losses,season_ats_wins,season_ats_losses,is_post_plus_threshold,is_post_minus_threshold,after_plus_wins,after_plus_losses,after_plus_ats_wins,after_plus_ats_losses,after_minus_wins,after_minus_losses,after_minus_ats_wins,after_minus_ats_losses,game_id,game_time
ARI,1,NO,True,20,13,True,True,-6.0,6.0,3-7 (moderate),True,Favorite,3-7 (moderate) Favorite,-1.8000000000000007,7,8.8,1.5,1,0,1,0,False,False,0,0,0,0,0,0,0,0,557d13ef8f4c1d21044f3a478cda6d0b,2025-09-07 17:03:00+00:00
ARI,2,CAR,False,27,22,True,False,-7.0,7.0,3-7 (moderate),True,Favorite,3-7 (moderate) Favorite,0.1999999999999993,5,4.800000000000001,10.600000000000001,2,0,1,1,True,False,1,0,0,1,0,0,0,0,7e2ad5ef04493526707e0868f7b70c47,2025-09-14 20:05:00+00:00
ARI,3,SF,True,15,16,False,True,1.5,1.5,0-3 (close),False,Underdog,0-3 (close) Underdog,-6.800000000000001,-1,5.800000000000001,8.100000000000001,2,1,2,1,False,False,1,0,0,1,0,0,0,0,20b50dac292089c063b21e1410f172ef,2025-09-21 20:26:00+00:00
ARI,3,SF,False,15,16,False,True,3.5,3.5,3-7 (moderate),False,Underdog,3-7 (moderate) Underdog,-6.800000000000001,-1,5.800000000000001,5.600000000000001,2,2,3,1,False,False,1,0,0,1,0,0,0,0,91630b9c62640117918fa30d2a62d2db,2025-11-16 21:05:00+00:00
ARI,4,SEA,False,20,23,False,False,1.5,1.5,0-3 (close),False,Underdog,0-3 (close) Underdog,-5.899999999999999,-3,2.8999999999999986,9.8,2,3,3,2,False,False,1,0,0,1,0,0,0,0,4a08b89f07a4a395620f6df5c1d239f4,2025-09-26 00:16:00+00:00
ARI,4,SEA,True,20,23,False,True,7.0,7.0,3-7 (moderate),False,Underdog,3-7 (moderate) Underdog,-5.899999999999999,-3,2.8999999999999986,14.0,2,4,4,2,False,False,1,0,0,1,0,0,0,0,740b843794cc89176c4ffe38b66d30d9,2025-11-09 21:05:00+00:00
ARI,5,TEN,False,21,22,False,False,-7.5,7.5,7+ (large),True,Favorite,7+ (large) Favorite,-5.5,-1,4.5,15.399999999999999,2,5,4,3,False,False,1,0,0,1,0,0,0,0,8fa3fd86eaa7b432469d43b84904e1dc,2025-10-05 20:06:00+00:00
ARI,6,IND,True,27,31,False,True,9.0,9.0,7+ (large),False,Underdog,7+ (large) Underdog,-2.5,-4,-1.5,17.799999999999997,2,6,5,3,False,False,1,0,0,1,0,0,0,0,dfa87b0532de1389297103c2e3195347,2025-10-12 17:01:00+00:00
ARI,7,GB,False,23,27,False,True,7.0,7.0,3-7 (moderate),False,Underdog,3-7 (moderate) Underdog,-5.199999999999999,-4,1.1999999999999993,21.199999999999996,2,7,6,3,False,False,1,0,0,1,0,0,0,0,1036171316ac51350b388c99e000cfc1,2025-10-19 20:25:00+00:00
ARI,9,DAL,True,27,17,True,True,3.0,3.0,0-3 (close),False,Underdog,0-3 (close) Underdog,6.299999999999997,10,3.700000000000003,25.799999999999997,3,7,7,3,False,False,1,0,0,1,0,0,0,0,f3dfb574e0a542375a480534525ee6cf,2025-11-04 01:15:00+00:00
ARI,12,JAX,False,24,27,False,False,2.5,2.5,0-3 (close),False,Underdog,0-3 (close) Underdog,-1.1999999999999993,-3,-1.8000000000000007,26.699999999999996,3,8,7,4,False,False,1,0,0,1,0,0,0,0,e32e0030899c06fdf2c74745ca27d85a,2025-11-23 21:05:00+00:00
ATL,1,TB,False,20,23,False,False,-0.0,0.0,0-3 (close),False,Underdog,0-3 (close) Underdog,2.3999999999999986,-3,-5.399999999999999,-2.1999999999999993,0,1,0,1,False,False,0,0,0,0,0,0,0,0,1e09eb3fe1385796c1a32000de48ac64,2025-09-07 17:03:00+00:00
ATL,2,MIN,True,22,6,True,True,3.0,3.0,0-3 (close),False,Underdog,0-3 (close) Underdog,7.700000000000001,16,8.299999999999999,-1.8000000000000007,1,1,1,1,False,False,0,0,0,0,0,0,0,0,37d09ce5d357536d0e58dd4ba0ab4106,2025-09-15 00:20:00+00:00
ATL,3,CAR,False,0,30,False,False,-4.0,4.0,3-7 (moderate),True,Favorite,3-7 (moderate) Favorite,-6.699999999999999,-30,-23.3,-15.600000000000001,1,2,1,2,True,False,0,1,0,1,0,0,0,0,0ae85bbc3711ad0cb94475a40e2364f0,2025-11-16 18:00:00+00:00
ATL,3,CAR,True,0,30,False,False,-4.5,4.5,3-7 (moderate),True,Favorite,3-7 (moderate) Favorite,-6.699999999999999,-30,-23.3,-29.400000000000002,1,3,1,3,False,True,0,1,0,1,0,1,0,1,5737e4dbf6879c5061bb23033a4d8a55,2025-09-21 17:03:00+00:00
ATL,4,WAS,False,34,27,True,True,-2.5,2.5,0-3 (close),True,Favorite,0-3 (close) Favorite,3.1999999999999993,7,3.8000000000000007,-21.6,2,3,2,3,False,True,0,1,0,1,1,1,1,1,b7934d72587b62de0f563ac9acbaa770,2025-09-28 17:01:00+00:00
ATL,6,BUF,False,24,14,True,True,3.5,3.5,3-7 (moderate),False,Underdog,3-7 (moderate) Underdog,4.899999999999999,10,5.100000000000001,-24.6,3,3,3,3,False,False,0,1,0,1,1,1,1,1,33e0adf378d2856ffe5f8452e7d5512d,2025-10-13 23:15:00+00:00
ATL,7,SF,True,10,20,False,False,1.0,1.0,0-3 (close),False,Underdog,0-3 (close) Underdog,-5.599999999999998,-10,-4.400000000000002,-32.7,3,4,3,4,False,False,0,1,0,1,1,1,1,1,7b2ded52498efcf97a08ef10ee99b0f3,2025-10-20 00:20:00+00:00
ATL,8,MIA,False,10,34,False,False,-7.0,7.0,3-7 (moderate),True,Favorite,3-7 (moderate) Favorite,-14.200000000000001,-24,-9.799999999999999,-36.1,3,5,3,5,False,False,0,1,0,1,1,1,1,1,ac02b1b59aa0623845378a02bc530c68,2025-10-26 17:00:00+00:00
ATL,9,NE,True,23,24,False,True,5.0,5.0,3-7 (moderate),False,Underdog,3-7 (moderate) Underdog,-2.8999999999999986,-1,1.8999999999999986,-32.2,3,6,4,5,False,True,0,1,0,1,1,2,2,1,6dd3b8a705ed0db85d59fa19b9062cc8,2025-11-02 18:00:00+00:00
ATL,10,IND,True,25,31,False,False,2.5,2.5,0-3 (close),False,Underdog,0-3 (close) Underdog,-4.5,-6,-1.5,-32.5,3,7,4,6,False,False,0,1,0,1,1,2,2,1,42473c1ddf8f424069ff3f264dd8dca4,2025-11-09 14:35:08+00:00
ATL,12,NO,True,24,10,True,True,1.5,1.5,0-3 (close),False,Underdog,0-3 (close) Underdog,5.100000000000001,14,8.899999999999999,-29.8,4,7,5,6,False,False,0,1,0,1,1,2,2,1,8c2d6a56aa63f42227f18a18fc3d2146,2025-11-23 21:25:00+00:00
BAL,1,BUF,True,40,41,False,False,-1.0,1.0,0-3 (close),True,Favorite,0-3 (close) Favorite,2.1999999999999993,-1,-3.1999999999999993,9.0,0,1,0,1,False,False,0,0,0,0,0,0,0,0,dee0a41ed5e8201a96d457899adbe918,2025-09-08 00:20:00+00:00
BAL,2,CLE,False,41,17,True,True,-12.5,12.5,7+ (large),True,Favorite,7+ (large) Favorite,6.100000000000001,24,17.9,31.2,1,1,1,1,False,False,0,0,0,0,0,0,0,0,553edb8bf2452482b37dde58e832a6fb,2025-09-14 17:01:00+00:00
BAL,2,CLE,True,41,17,True,True,-7.5,7.5,7+ (large),True,Favorite,7+ (large) Favorite,6.100000000000001,24,17.9,53.4,2,1,2,1,True,False,1,0,1,0,0,0,0,0,cc60225b5a907bd9ba7c27c23131fc5c,2025-11-16 21:25:00+00:00
BAL,3,DET,False,30,38,False,False,-4.5,4.5,3-7 (moderate),True,Favorite,3-7 (moderate) Favorite,-9.399999999999999,-8,1.3999999999999986,59.4,2,2,2,2,True,False,1,1,1,1,0,0,0,0,6e67ddae4bb01d1c2d3f461ee62d2666,2025-09-23 00:15:00+00:00
BAL,4,KC,True,20,37,False,False,-2.5,2.5,0-3 (close),True,Favorite,0-3 (close) Favorite,-7.0,-17,-10.0,60.8,2,3,2,3,False,False,1,1,1,1,0,0,0,0,051233db287b02fd3e7574955879ece2,2025-09-28 20:25:00+00:00
BAL,5,HOU,False,10,44,False,False,2.5,2.5,0-3 (close),False,Underdog,0-3 (close) Underdog,-18.9,-34,-15.100000000000001,54.8,2,4,2,4,False,True,1,1,1,1,0,1,0,1,6eb8eeff6a052455649ddd2a50e0a188,2025-10-05 17:01:00+00:00
BAL,6,LAR,False,3,17,False,False,7.0,7.0,3-7 (moderate),False,Underdog,3-7 (moderate) Underdog,-7.799999999999999,-14,-6.200000000000001,42.4,2,5,2,5,False,True,1,1,1,1,0,2,0,2,b235bc78609644cb28492cc1d6ad69fd,2025-10-12 17:01:00+00:00
BAL,8,CHI,False,30,16,True,True,-2.5,2.5,0-3 (close),True,Favorite,0-3 (close) Favorite,2.0,14,12.0,49.5,3,5,3,5,False,False,1,1,1,1,0,2,0,2,a061e80d1f50eab193b34d19f8e59f62,2025-10-26 17:03:00+00:00
BAL,9,MIA,True,28,6,True,True,-7.5,7.5,7+ (large),True,Favorite,7+ (large) Favorite,10.600000000000001,22,11.399999999999999,50.0,4,5,4,5,True,False,2,1,2,1,0,2,0,2,677dbbb6ad96fc5f5b36bb20b43139dd,2025-10-31 00:15:00+00:00
BAL,10,MIN,True,27,19,True,True,-4.5,4.5,3-7 (moderate),True,Favorite,3-7 (moderate) Favorite,6.900000000000002,8,1.0999999999999979,49.4,5,5,5,5,True,False,3,1,3,1,0,2,0,2,9900b89c4776c5b47dd26ca4c755edf9,2025-11-09 18:00:00+00:00
BAL,12,NYJ,False,23,10,True,False,-13.5,13.5,7+ (large),True,Favorite,7+ (large) Favorite,1.3999999999999986,13,11.600000000000001,54.4,6,5,5,6,False,False,3,1,3,1,0,2,0,2,7159d60c7a31c7d593167637723d7663,2025-11-23 18:00:00+00:00
BUF,1,BAL,False,41,40,True,True,1.0,1.0,0-3 (close),False,Underdog,0-3 (close) Underdog,-2.1999999999999993,1,3.1999999999999993,12.2,1,0,1,0,False,False,0,0,0,0,0,0,0,0,dee0a41ed5e8201a96d457899adbe918,2025-09-08 00:20:00+00:00
BUF,2,NYJ,True,30,10,True,True,-5.5,5.5,3-7 (moderate),True,Favorite,3-7 (moderate) Favorite,14.5,20,5.5,16.5,2,0,2,0,False,False,0,0,0,0,0,0,0,0,cd0fd9335b5182d3bfed35ab8d5ab6fb,2025-09-14 17:01:00+00:00
BUF,3,MIA,True,31,21,True,True,-8.0,8.0,7+ (large),True,Favorite,7+ (large) Favorite,10.5,10,-0.5,19.7,3,0,3,0,False,False,0,0,0,0,0,0,0,0,3c10bc18680995136017c3bfd3152334,2025-11-09 18:00:00+00:00
BUF,3,MIA,False,31,21,True,False,-11.5,11.5,7+ (large),True,Favorite,7+ (large) Favorite,10.5,10,-0.5,22.9,4,0,3,1,False,False,0,0,0,0,0,0,0,0,aca5234c57e31b1931e51d2d0d6046f5,2025-09-19 00:15:00+00:00
BUF,4,NO,False,31,19,True,False,-14.5,14.5,7+ (large),True,Favorite,7+ (large) Favorite,1.6999999999999993,12,10.3,30.0,5,0,3,2,False,False,0,0,0,0,0,0,0,0,d16a43752aaac66e9ff8768d8590b662,2025-09-28 17:01:00+00:00
BUF,5,NE,False,20,23,False,False,-8.0,8.0,7+ (large),True,Favorite,7+ (large) Favorite,1.8000000000000007,-3,-4.800000000000001,25.7,5,1,3,3,True,False,0,1,0,1,0,0,0,0,ba826e757d625a676452b8d3d6971bb0,2025-10-06 00:21:00+00:00
BUF,6,ATL,True,14,24,False,False,-3.5,3.5,3-7 (moderate),True,Favorite,3-7 (moderate) Favorite,-4.899999999999999,-10,-5.100000000000001,17.599999999999998,5,2,3,4,False,False,0,1,0,1,0,0,0,0,33e0adf378d2856ffe5f8452e7d5512d,2025-10-13 23:15:00+00:00
BUF,8,CAR,True,40,9,True,True,-7.0,7.0,3-7 (moderate),True,Favorite,3-7 (moderate) Favorite,17.2,31,13.8,27.099999999999998,6,2,4,4,False,False,0,1,0,1,0,0,0,0,53d4369464c66630f03a5d128cd39b08,2025-10-26 17:03:00+00:00
BUF,9,KC,False,28,21,True,True,2.0,2.0,0-3 (close),False,Underdog,0-3 (close) Underdog,8.099999999999998,7,-1.0999999999999979,25.9,7,2,5,4,True,False,1,1,1,1,0,0,0,0,61531628516decd1ee8116da5f6f9056,2025-11-02 21:25:00+00:00
BUF,11,TB,False,44,32,True,True,-6.0,6.0,3-7 (moderate),True,Favorite,3-7 (moderate) Favorite,3.6999999999999993,12,8.3,40.7,8,2,6,4,False,False,1,1,1,1,0,0,0,0,96377d2fb55e3cef733cecccdecaed5f,2025-11-16 18:00:00+00:00
BUF,12,HOU,True,19,23,False,False,-5.5,5.5,3-7 (moderate),True,Favorite,3-7 (moderate) Favorite,-2.5,-4,-1.5,41.6,8,3,6,5,True,False,1,2,1,2,0,0,0,0,cd2e0964817c30ad3f5144ea49b55f2b,2025-11-21 01:15:00+00:00
CAR,1,JAX,True,10,26,False,False,4.5,4.5,3-7 (moderate),False,Underdog,3-7 (moderate) Underdog,-11.1,-16,-4.9,-3.4000000000000004,0,1,0,1,False,False,0,0,0,0,0,0,0,0,394256a6c3d0f5ecd1208fffaae6a72f,2025-09-07 17:00:00+00:00
CAR,2,ARI,True,22,27,False,True,7.0,7.0,3-7 (moderate),False,Underdog,3-7 (moderate) Underdog,-0.1999999999999993,-5,-4.800000000000001,0.9000000000000004,0,2,1,1,False,False,0,0,0,0,0,0,0,0,7e2ad5ef04493526707e0868f7b70c47,2025-09-14 20:05:00+00:00
CAR,3,ATL,True,30,0,True,True,4.0,4.0,3-7 (moderate),False,Underdog,3-7 (moderate) Underdog,6.699999999999999,30,23.3,10.4,1,2,2,1,False,False,0,0,0,0,0,0,0,0,0ae85bbc3711ad0cb94475a40e2364f0,2025-11-16 18:00:00+00:00
CAR,3,ATL,False,30,0,True,True,4.5,4.5,3-7 (moderate),False,Underdog,3-7 (moderate) Underdog,6.699999999999999,30,23.3,19.9,2,2,3,1,True,False,1,0,1,0,0,0,0,0,5737e4dbf6879c5061bb23033a4d8a55,2025-09-21 17:03:00+00:00
CAR,4,NE,True,13,42,False,False,5.5,5.5,3-7 (moderate),False,Underdog,3-7 (moderate) Underdog,-1.5,-29,-27.5,10.0,2,3,3,2,True,False,1,1,1,1,0,0,0,0,f8fe40924827231233dc10f6999d8ff7,2025-09-28 17:03:00+00:00
CAR,5,MIA,False,27,24,True,True,1.0,1.0,0-3 (close),False,Underdog,0-3 (close) Underdog,4.800000000000001,3,-1.8000000000000007,14.0,3,3,4,2,False,True,1,1,1,1,1,0,1,0,ff8222149317a63ffe50fcda777d14c0,2025-10-05 17:01:00+00:00
CAR,6,DAL,False,30,27,True,True,3.0,3.0,0-3 (close),False,Underdog,0-3 (close) Underdog,9.0,3,-6.0,15.3,4,3,5,2,False,False,1,1,1,1,1,0,1,0,dd3a14fa1529e79bd338a7bfd71d5b3a,2025-10-12 17:01:00+00:00
CAR,7,NYJ,True,13,6,True,True,1.0,1.0,0-3 (close),False,Underdog,0-3 (close) Underdog,5.600000000000001,7,1.3999999999999986,10.7,5,3,6,2,False,False,1,1,1,1,1,0,1,0,ba4e8bfa1f4eeaa74c7b09f409361c0d,2025-10-19 17:03:00+00:00
CAR,8,BUF,False,9,40,False,False,7.0,7.0,3-7 (moderate),False,Underdog,3-7 (moderate) Underdog,-17.2,-31,-13.8,6.399999999999999,5,4,6,3,False,False,1,1,1,1,1,0,1,0,53d4369464c66630f03a5d128cd39b08,2025-10-26 17:03:00+00:00
CAR,9,GB,True,16,13,True,True,13.0,13.0,7+ (large),False,Underdog,7+ (large) Underdog,-0.6000000000000014,3,3.6000000000000014,2.1999999999999993,6,4,7,3,False,True,1,1,1,1,2,0,2,0,6031b513e188fc19a2311499566c9258,2025-11-02 18:00:00+00:00
CAR,10,NO,False,7,17,False,False,-5.5,5.5,3-7 (moderate),True,Favorite,3-7 (moderate) Favorite,-6.300000000000001,-10,-3.6999999999999993,-4.600000000000001,6,5,7,4,False,False,1,1,1,1,2,0,2,0,21f47a328fb2ab65c01360a7a2bd9571,2025-11-09 18:00:00+00:00
CAR,12,SF,True,9,20,False,False,7.5,7.5,7+ (large),False,Underdog,7+ (large) Underdog,-5.699999999999999,-11,-5.300000000000001,-11.400000000000002,6,6,7,5,False,False,1,1,1,1,2,0,2,0,90391be251d876bb41d36978a43c7ac2,2025-11-25 01:15:00+00:00
CHI,1,MIN,True,24,27,False,False,3.0,3.0,0-3 (close),False,Underdog,0-3 (close) Underdog,-0.7000000000000028,-3,-2.299999999999997,4.100000000000001,0,1,0,1,False,False,0,0,0,0,0,0,0,0,229a5e9ce60dcb344a8cc3c97121154e,2025-11-16 18:00:00+00:00
CHI,1,MIN,False,24,27,False,False,1.5,1.5,0-3 (close),False,Underdog,0-3 (close) Underdog,-0.7000000000000028,-3,-2.299999999999997,8.200000000000003,0,2,0,2,False,False,0,0,0,0,0,0,0,0,c6d7807cee33d5e81c671527b9c8b3f1,2025-09-09 00:15:00+00:00
CHI,2,DET,True,21,52,False,False,6.5,6.5,3-7 (moderate),False,Underdog,3-7 (moderate) Underdog,-17.1,-31,-13.899999999999999,13.100000000000001,0,3,0,3,False,False,0,0,0,0,0,0,0,0,1ee9ea2c8256bc6be5dd92e60f6c17de,2025-09-14 17:03:00+00:00
CHI,3,DAL,False,31,14,True,True,1.0,1.0,0-3 (close),False,Underdog,0-3 (close) Underdog,3.5,17,13.5,17.200000000000003,1,3,1,3,False,True,0,0,0,0,1,0,1,0,186868cc79ce1f5d22075b67ebbc7b64,2025-09-21 20:25:00+00:00
CHI,4,LV,True,25,24,True,True,1.5,1.5,0-3 (close),False,Underdog,0-3 (close) Underdog,-5.800000000000001,1,6.800000000000001,22.400000000000002,2,3,2,3,True,False,1,0,1,0,1,0,1,0,af6fbb0a2e996613bc393115276c60e2,2025-09-28 20:26:00+00:00
CHI,6,WAS,True,25,24,True,True,5.5,5.5,3-7 (moderate),False,Underdog,3-7 (moderate) Underdog,5.0,1,-4.0,21.200000000000003,3,3,3,3,False,False,1,0,1,0,1,0,1,0,38366aa83a3eb6cef71a1134c4fceb2c,2025-10-14 00:16:00+00:00
CHI,7,NO,False,26,14,True,True,-3.5,3.5,3-7 (moderate),True,Favorite,3-7 (moderate) Favorite,4.599999999999998,12,7.400000000000002,25.500000000000004,4,3,4,3,False,False,1,0,1,0,1,0,1,0,8f06a4b503cc7309cb0df4a8b67f9930,2025-10-19 17:03:00+00:00
CHI,8,BAL,True,16,30,False,False,2.5,2.5,0-3 (close),False,Underdog,0-3 (close) Underdog,-2.0,-14,-12.0,20.600000000000005,4,4,4,4,True,False,1,1,1,1,1,0,1,0,a061e80d1f50eab193b34d19f8e59f62,2025-10-26 17:03:00+00:00
CHI,9,CIN,True,47,42,True,True,-3.0,3.0,0-3 (close),True,Favorite,0-3 (close) Favorite,8.7,5,-3.6999999999999993,31.100000000000005,5,4,5,4,False,True,1,1,1,1,2,0,2,0,016f76d8237e8d4eb62b9c2ef68381bb,2025-11-02 18:00:00+00:00
CHI,10,NYG,False,24,20,True,False,-4.5,4.5,3-7 (moderate),True,Favorite,3-7 (moderate) Favorite,6.600000000000001,4,-2.6000000000000014,28.000000000000004,6,4,5,5,False,False,1,1,1,1,2,0,2,0,3b1a97366685a96e6e1940ae56cc4d31,2025-11-09 18:00:00+00:00
CHI,12,PIT,False,31,28,True,True,-3.0,3.0,0-3 (close),True,Favorite,0-3 (close) Favorite,-3.099999999999998,3,6.099999999999998,36.2,7,4,6,5,False,False,1,1,1,1,2,0,2,0,c8913b70b63ae247f23a4e1dec08c668,2025-11-23 18:00:00+00:00
CIN,1,CLE,True,17,16,True,False,-4.5,4.5,3-7 (moderate),True,Favorite,3-7 (moderate) Favorite,-0.3999999999999986,1,1.3999999999999986,-1.1000000000000014,1,0,0,1,False,False,0,0,0,0,0,0,0,0,e2d3b0596efcebc1c19dab92009f5e26,2025-09-07 17:03:00+00:00
CIN,2,JAX,False,31,27,True,True,-3.5,3.5,3-7 (moderate),True,Favorite,3-7 (moderate) Favorite,-4.800000000000001,4,8.8,6.899999999999999,2,0,1,1,False,False,0,0,0,0,0,0,0,0,ec75e45d75691f810f347e0c5ff25d6e,2025-09-14 17:03:00+00:00
CIN,3,MIN,True,10,48,False,False,3.0,3.0,0-3 (close),False,Underdog,0-3 (close) Underdog,-23.1,-38,-14.899999999999999,9.299999999999999,2,1,1,2,True,False,0,1,0,1,0,0,0,0,eefb7f130c8fc2c129e296fe5c6ba3e3,2025-09-21 17:03:00+00:00
CIN,4,DEN,True,3,28,False,False,7.5,7.5,7+ (large),False,Underdog,7+ (large) Underdog,-11.1,-25,-13.9,-3.3000000000000007,2,2,1,3,False,True,0,1,0,1,0,1,0,1,8dcb2a6bf542ccb7e6bc58f83c8fc2ac,2025-09-30 00:16:00+00:00
CIN,5,DET,False,24,37,False,False,10.0,10.0,7+ (large),False,Underdog,7+ (large) Underdog,-14.599999999999998,-13,1.5999999999999979,3.599999999999998,2,3,1,4,False,True,0,1,0,1,0,2,0,2,e9de9c4390a28a90f437760050b23531,2025-10-05 20:26:00+00:00
CIN,6,GB,True,18,27,False,True,14.0,14.0,7+ (large),False,Underdog,7+ (large) Underdog,-5.099999999999998,-9,-3.900000000000002,-2.700000000000003,2,4,2,4,False,False,0,1,0,1,0,2,0,2,0c85b0939650e29689bb2651b33522eb,2025-10-12 20:26:00+00:00
CIN,7,PIT,False,33,31,True,True,5.5,5.5,3-7 (moderate),False,Underdog,3-7 (moderate) Underdog,4.099999999999998,2,-2.099999999999998,1.3999999999999986,3,4,3,4,False,False,0,1,0,1,0,2,0,2,6076f9eab496770efc0ab7095b27c122,2025-10-17 00:15:00+00:00
CIN,7,PIT,True,33,31,True,True,5.5,5.5,3-7 (moderate),False,Underdog,3-7 (moderate) Underdog,4.099999999999998,2,-2.099999999999998,5.5,4,4,4,4,False,False,0,1,0,1,0,2,0,2,7147476b5d96c0ee874b838de3910ee3,2025-11-16 18:00:00+00:00
CIN,8,NYJ,False,38,39,False,False,-5.5,5.5,3-7 (moderate),True,Favorite,3-7 (moderate) Favorite,-0.29999999999999716,-1,-0.7000000000000028,10.899999999999999,4,5,4,5,False,False,0,1,0,1,0,2,0,2,9c1f73e48ca9750f6e7d5d64874057c2,2025-10-26 17:00:00+00:00
CIN,9,CHI,False,42,47,False,False,3.0,3.0,0-3 (close),False,Underdog,0-3 (close) Underdog,-8.7,-5,3.6999999999999993,25.099999999999998,4,6,4,6,False,False,0,1,0,1,0,2,0,2,016f76d8237e8d4eb62b9c2ef68381bb,2025-11-02 18:00:00+00:00
CIN,12,NE,False,20,26,False,True,7.5,7.5,7+ (large),False,Underdog,7+ (large) Underdog,-4.0,-6,-2.0,25.2,4,7,5,6,False,False,0,1,0,1,0,2,0,2,1a8f3d70399a5cad83c95196795ed77b,2025-11-23 18:00:00+00:00
CLE,1,CIN,False,16,17,False,True,4.5,4.5,3-7 (moderate),False,Underdog,3-7 (moderate) Underdog,0.3999999999999986,-1,-1.3999999999999986,-2.5,0,1,1,0,False,False,0,0,0,0,0,0,0,0,e2d3b0596efcebc1c19dab92009f5e26,2025-09-07 17:03:00+00:00
CLE,2,BAL,True,17,41,False,False,12.5,12.5,7+ (large),False,Underdog,7+ (large) Underdog,-6.100000000000001,-24,-17.9,1.8000000000000007,0,2,1,1,False,False,0,0,0,0,0,0,0,0,553edb8bf2452482b37dde58e832a6fb,2025-09-14 17:01:00+00:00
CLE,2,BAL,False,17,41,False,False,7.5,7.5,7+ (large),False,Underdog,7+ (large) Underdog,-6.100000000000001,-24,-17.9,6.100000000000001,0,3,1,2,False,True,0,0,0,0,0,1,0,1,cc60225b5a907bd9ba7c27c23131fc5c,2025-11-16 21:25:00+00:00
CLE,3,GB,False,13,10,True,True,7.5,7.5,7+ (large),False,Underdog,7+ (large) Underdog,0.09999999999999964,3,2.9000000000000004,4.600000000000001,1,3,2,2,False,True,0,0,0,0,1,1,1,1,581955d1b79fe87a3a61a4885cd7ea67,2025-09-21 17:03:00+00:00
CLE,4,DET,True,10,34,False,False,10.0,10.0,7+ (large),False,Underdog,7+ (large) Underdog,-7.200000000000001,-24,-16.799999999999997,0.20000000000000107,1,4,2,3,False,False,0,0,0,0,1,1,1,1,bcb1f89cf378a586097c50585e53acce,2025-09-28 17:03:00+00:00
CLE,5,MIN,False,17,21,False,False,3.5,3.5,3-7 (moderate),False,Underdog,3-7 (moderate) Underdog,-7.300000000000001,-4,3.3000000000000007,-1.9999999999999982,1,5,2,4,False,True,0,0,0,0,1,2,1,2,6e206c7bc9379b07d27298a393305384,2025-10-05 13:31:00+00:00
CLE,6,PIT,True,9,23,False,False,6.5,6.5,3-7 (moderate),False,Underdog,3-7 (moderate) Underdog,-3.5,-14,-10.5,-7.6999999999999975,1,6,2,5,False,False,0,0,0,0,1,2,1,2,a11bbccb332241029ebaeb519b93b776,2025-10-12 17:01:00+00:00
CLE,7,MIA,False,31,6,True,True,-2.5,2.5,0-3 (close),True,Favorite,0-3 (close) Favorite,8.7,25,16.3,6.3000000000000025,2,6,3,5,False,True,0,0,0,0,2,2,2,2,f0336c9a3749716250afba387d157377,2025-10-19 17:03:00+00:00
CLE,8,NE,True,13,32,False,False,7.0,7.0,3-7 (moderate),False,Underdog,3-7 (moderate) Underdog,-14.3,-19,-4.699999999999999,6.500000000000002,2,7,3,6,True,False,0,1,0,1,2,2,2,2,3536a3e857050d2dd6e2019ceb668f67,2025-10-26 17:03:00+00:00
CLE,10,NYJ,True,20,27,False,False,-2.0,2.0,0-3 (close),True,Favorite,0-3 (close) Favorite,4.9,-7,-11.9,11.900000000000002,2,8,3,7,False,False,0,1,0,1,2,2,2,2,844b89333f293f055f8e0c147fb9fec5,2025-11-09 18:00:00+00:00
CLE,12,LV,True,24,10,True,True,3.5,3.5,3-7 (moderate),False,Underdog,3-7 (moderate) Underdog,3.5,14,10.5,19.900000000000002,3,8,4,7,False,True,0,1,0,1,3,2,3,2,27f50ddbc4c3fbad10398c5187a28dc7,2025-11-23 21:05:00+00:00
DAL,1,PHI,False,20,24,False,False,3.0,3.0,0-3 (close),False,Underdog,0-3 (close) Underdog,-1.1999999999999993,-4,-2.8000000000000007,-2.1000000000000014,0,1,0,1,False,False,0,0,0,0,0,0,0,0,4553ba763cb3cfcfc33fd62672a2057f,2025-11-23 21:25:00+00:00
DAL,1,PHI,True,20,24,False,True,8.5,8.5,7+ (large),False,Underdog,7+ (large) Underdog,-1.1999999999999993,-4,-2.8000000000000007,-4.200000000000003,0,2,1,1,False,False,0,0,0,0,0,0,0,0,f1bc532dff946d15cb85654b5c4b246e,2025-09-05 00:20:00+00:00
DAL,2,NYG,False,40,37,True,False,-5.0,5.0,3-7 (moderate),True,Favorite,3-7 (moderate) Favorite,0.7999999999999972,3,2.200000000000003,9.399999999999999,1,2,1,2,False,False,0,0,0,0,0,0,0,0,05a5b084f4e19535b2d3f91ef5c00169,2025-09-14 17:03:00+00:00
DAL,3,CHI,True,14,31,False,False,-1.0,1.0,0-3 (close),True,Favorite,0-3 (close) Favorite,-3.5,-17,-13.5,0.0,1,3,1,3,False,False,0,0,0,0,0,0,0,0,186868cc79ce1f5d22075b67ebbc7b64,2025-09-21 20:25:00+00:00
DAL,4,GB,False,40,40,False,True,6.5,6.5,3-7 (moderate),False,Underdog,3-7 (moderate) Underdog,-0.1999999999999993,0,0.1999999999999993,9.899999999999999,1,4,2,3,False,True,0,0,0,0,0,1,1,0,de432abcc3bd8d42a582ae9f71388dcd,2025-09-29 00:21:00+00:00
DAL,5,NYJ,True,37,22,True,True,1.5,1.5,0-3 (close),False,Underdog,0-3 (close) Underdog,7.100000000000001,15,7.899999999999999,20.099999999999998,2,4,3,3,False,False,0,0,0,0,0,1,1,0,df7e32f3c6cfaaa66de560906faabe32,2025-10-05 17:01:00+00:00
DAL,6,CAR,True,27,30,False,False,-3.0,3.0,0-3 (close),True,Favorite,0-3 (close) Favorite,-9.0,-3,6.0,27.4,2,5,3,4,True,False,0,1,0,1,0,1,1,0,dd3a14fa1529e79bd338a7bfd71d5b3a,2025-10-12 17:01:00+00:00
DAL,7,WAS,False,44,22,True,True,-1.5,1.5,0-3 (close),True,Favorite,0-3 (close) Favorite,4.100000000000001,22,17.9,43.4,3,5,4,4,False,False,0,1,0,1,0,1,1,0,ff0c1ce30d562926ce40fc9bbaa2b7b1,2025-10-19 20:25:00+00:00
DAL,8,DEN,True,24,44,False,False,3.5,3.5,3-7 (moderate),False,Underdog,3-7 (moderate) Underdog,-7.399999999999999,-20,-12.600000000000001,42.5,3,6,4,5,True,False,0,2,0,2,0,1,1,0,40c2ebd9ddd5ce8ff5b1ada730bb1785,2025-10-26 20:25:00+00:00
DAL,9,ARI,False,17,27,False,False,-3.0,3.0,0-3 (close),True,Favorite,0-3 (close) Favorite,-6.299999999999997,-10,-3.700000000000003,43.4,3,7,4,6,False,True,0,2,0,2,0,2,1,1,f3dfb574e0a542375a480534525ee6cf,2025-11-04 01:15:00+00:00
DAL,11,LV,True,33,16,True,True,-3.5,3.5,3-7 (moderate),True,Favorite,3-7 (moderate) Favorite,10.0,17,7.0,48.0,4,7,5,6,False,False,0,2,0,2,0,2,1,1,80d04ba917883a6438580ebae9fb0f22,2025-11-18 01:15:00+00:00
DEN,1,TEN,False,20,12,True,False,-9.0,9.0,7+ (large),True,Favorite,7+ (large) Favorite,11.600000000000001,8,-3.6000000000000014,-1.8000000000000007,1,0,0,1,False,False,0,0,0,0,0,0,0,0,68397f3aa9eb847a421a49f990a11928,2025-09-07 20:05:00+00:00
DEN,2,IND,True,28,29,False,False,-1.0,1.0,0-3 (close),True,Favorite,0-3 (close) Favorite,-1.3000000000000007,-1,0.3000000000000007,2.5,1,1,0,2,False,False,0,0,0,0,0,0,0,0,e217b38ef8bc6e98d3512cb42b90782e,2025-09-14 20:06:00+00:00
DEN,3,LAC,True,20,23,False,False,2.5,2.5,0-3 (close),False,Underdog,0-3 (close) Underdog,-9.2,-3,6.199999999999999,9.7,1,2,0,3,False,False,0,0,0,0,0,0,0,0,0ee3f5a0078c21cfdffd1b97002e7da5,2025-09-21 20:05:00+00:00
DEN,4,CIN,False,28,3,True,True,-7.5,7.5,7+ (large),True,Favorite,7+ (large) Favorite,11.1,25,13.9,11.0,2,2,1,3,False,False,0,0,0,0,0,0,0,0,8dcb2a6bf542ccb7e6bc58f83c8fc2ac,2025-09-30 00:16:00+00:00
DEN,5,PHI,True,21,17,True,True,4.0,4.0,3-7 (moderate),False,Underdog,3-7 (moderate) Underdog,6.5,4,-2.5,5.699999999999999,3,2,2,3,True,False,1,0,1,0,0,0,0,0,bc4f9a719baf61261befad75f4bdb539,2025-10-05 17:01:00+00:00
DEN,6,NYJ,True,13,11,True,False,-7.0,7.0,3-7 (moderate),True,Favorite,3-7 (moderate) Favorite,8.200000000000001,2,-6.200000000000001,2.599999999999998,4,2,2,4,False,False,1,0,1,0,0,0,0,0,e34812ee7fbf13bd75e4298bccfbdd10,2025-10-12 13:30:00+00:00
DEN,7,NYG,False,33,32,True,False,-8.0,8.0,7+ (large),True,Favorite,7+ (large) Favorite,2.3000000000000007,1,-1.3000000000000007,11.299999999999997,5,2,2,5,False,False,1,0,1,0,0,0,0,0,3be866344dfa050e602a6e69170b3cbe,2025-10-19 20:05:00+00:00
DEN,8,DAL,False,44,24,True,True,-3.5,3.5,3-7 (moderate),True,Favorite,3-7 (moderate) Favorite,7.399999999999999,20,12.600000000000001,23.0,6,2,3,5,False,False,1,0,1,0,0,0,0,0,40c2ebd9ddd5ce8ff5b1ada730bb1785,2025-10-26 20:25:00+00:00
DEN,9,HOU,True,18,15,True,True,2.0,2.0,0-3 (close),False,Underdog,0-3 (close) Underdog,3.0999999999999996,3,-0.09999999999999964,22.3,7,2,4,5,True,False,2,0,2,0,0,0,0,0,72e2ce6652bbb3901f60b38bec05bf5f,2025-11-02 18:00:00+00:00
DEN,10,LV,False,10,7,True,False,-9.0,9.0,7+ (large),True,Favorite,7+ (large) Favorite,3.5,3,-0.5,15.100000000000001,8,2,4,6,False,False,2,0,2,0,0,0,0,0,13bdffda97e8fb13179fe3f2f69d66f8,2025-11-07 01:15:00+00:00
DEN,11,KC,False,22,19,True,True,4.5,4.5,3-7 (moderate),False,Underdog,3-7 (moderate) Underdog,-0.5,3,3.5,15.8,9,2,5,6,False,False,2,0,2,0,0,0,0,0,96ce7785b0980b03282c7e10d4c58d4a,2025-11-16 21:25:00+00:00
DET,1,GB,True,13,27,False,False,1.5,1.5,0-3 (close),False,Underdog,0-3 (close) Underdog,-6.100000000000001,-14,-7.899999999999999,-3.0,0,1,0,1,False,False,0,0,0,0,0,0,0,0,8e0e2d9237098222f9ca7554b11b12bb,2025-09-07 20:25:00+00:00
DET,2,CHI,False,52,21,True,True,-6.5,6.5,3-7 (moderate),True,Favorite,3-7 (moderate) Favorite,17.1,31,13.899999999999999,15.799999999999997,1,1,1,1,False,True,0,0,0,0,1,0,1,0,1ee9ea2c8256bc6be5dd92e60f6c17de,2025-09-14 17:03:00+00:00
DET,3,BAL,True,38,30,True,True,4.5,4.5,3-7 (moderate),False,Underdog,3-7 (moderate) Underdog,9.399999999999999,8,-1.3999999999999986,20.4,2,1,2,1,True,False,1,0,1,0,1,0,1,0,6e67ddae4bb01d1c2d3f461ee62d2666,2025-09-23 00:15:00+00:00
DET,4,CLE,False,34,10,True,True,-10.0,10.0,7+ (large),True,Favorite,7+ (large) Favorite,7.200000000000001,24,16.799999999999997,32.8,3,1,3,1,False,False,1,0,1,0,1,0,1,0,bcb1f89cf378a586097c50585e53acce,2025-09-28 17:03:00+00:00
DET,5,CIN,True,37,24,True,True,-10.0,10.0,7+ (large),True,Favorite,7+ (large) Favorite,14.599999999999998,13,-1.5999999999999979,38.099999999999994,4,1,4,1,True,False,2,0,2,0,1,0,1,0,e9de9c4390a28a90f437760050b23531,2025-10-05 20:26:00+00:00
DET,6,KC,True,17,30,False,False,2.5,2.5,0-3 (close),False,Underdog,0-3 (close) Underdog,-4.199999999999999,-13,-8.8,29.899999999999995,4,2,4,2,False,False,2,0,2,0,1,0,1,0,82e432d5d8bc0b5a6cbe0c324de90de3,2025-10-13 00:20:00+00:00
DET,7,TB,False,24,9,True,True,-6.0,6.0,3-7 (moderate),True,Favorite,3-7 (moderate) Favorite,6.0,15,9.0,30.999999999999996,5,2,5,2,False,True,2,0,2,0,2,0,2,0,b808059d3ccc754ace4a3d23b58e47e8,2025-10-20 23:00:00+00:00
DET,9,MIN,False,24,27,False,False,-9.5,9.5,7+ (large),True,Favorite,7+ (large) Favorite,-2.1000000000000014,-3,-0.8999999999999986,37.099999999999994,5,3,5,3,True,False,2,1,2,1,2,0,2,0,cf95657d78ab3e515203df1d19c3b0c2,2025-11-02 18:00:00+00:00
DET,10,WAS,True,44,22,True,True,-8.0,8.0,7+ (large),True,Favorite,7+ (large) Favorite,12.799999999999997,22,9.200000000000003,47.8,6,3,6,3,False,False,2,1,2,1,2,0,2,0,93365f943b3aa23705bc9e1c7b47d7f8,2025-11-09 21:25:00+00:00
DET,11,PHI,True,9,16,False,False,2.5,2.5,0-3 (close),False,Underdog,0-3 (close) Underdog,-2.5999999999999996,-7,-4.4,41.4,6,4,6,4,True,False,2,2,2,2,2,0,2,0,6d209e0e637f3b116ec958e0634f2a02,2025-11-17 01:20:00+00:00
DET,12,NYG,False,34,27,True,False,-13.5,13.5,7+ (large),True,Favorite,7+ (large) Favorite,6.800000000000001,7,0.1999999999999993,46.599999999999994,7,4,6,5,False,False,2,2,2,2,2,0,2,0,535bbe97d4e56494b039ade88459c338,2025-11-23 18:00:00+00:00
GB,1,DET,False,27,13,True,True,-1.5,1.5,0-3 (close),True,Favorite,0-3 (close) Favorite,6.100000000000001,14,7.899999999999999,4.899999999999999,1,0,1,0,False,False,0,0,0,0,0,0,0,0,8e0e2d9237098222f9ca7554b11b12bb,2025-09-07 20:25:00+00:00
GB,2,WAS,False,27,18,True,True,-3.0,3.0,0-3 (close),True,Favorite,0-3 (close) Favorite,12.3,9,-3.3000000000000007,2.6999999999999993,2,0,2,0,True,False,1,0,1,0,0,0,0,0,0c6e5d9821ce0d3e82f3e792879776a6,2025-09-12 00:16:00+00:00
GB,3,CLE,True,10,13,False,False,-7.5,7.5,7+ (large),True,Favorite,7+ (large) Favorite,-0.09999999999999964,-3,-2.9000000000000004,-1.700000000000001,2,1,2,1,False,False,1,0,1,0,0,0,0,0,581955d1b79fe87a3a61a4885cd7ea67,2025-09-21 17:03:00+00:00
GB,4,DAL,True,40,40,False,False,-6.5,6.5,3-7 (moderate),True,Favorite,3-7 (moderate) Favorite,0.1999999999999993,0,-0.1999999999999993,7.999999999999998,2,2,2,2,False,False,1,0,1,0,0,0,0,0,de432abcc3bd8d42a582ae9f71388dcd,2025-09-29 00:21:00+00:00
GB,6,CIN,False,27,18,True,False,-14.0,14.0,7+ (large),True,Favorite,7+ (large) Favorite,5.099999999999998,9,3.900000000000002,5.6,3,2,2,3,False,False,1,0,1,0,0,0,0,0,0c85b0939650e29689bb2651b33522eb,2025-10-12 20:26:00+00:00
GB,7,ARI,True,27,23,True,False,-7.0,7.0,3-7 (moderate),True,Favorite,3-7 (moderate) Favorite,5.199999999999999,4,-1.1999999999999993,7.799999999999999,4,2,2,4,False,False,1,0,1,0,0,0,0,0,1036171316ac51350b388c99e000cfc1,2025-10-19 20:25:00+00:00
GB,8,PIT,True,35,25,True,True,-3.0,3.0,0-3 (close),True,Favorite,0-3 (close) Favorite,14.5,10,-4.5,12.1,5,2,3,4,False,False,1,0,1,0,0,0,0,0,fb900eef07307ebf5c1930341ecd852a,2025-10-27 00:20:00+00:00
GB,9,CAR,False,13,16,False,False,-13.0,13.0,7+ (large),True,Favorite,7+ (large) Favorite,0.6000000000000014,-3,-3.6000000000000014,4.299999999999999,5,3,3,5,False,False,1,0,1,0,0,0,0,0,6031b513e188fc19a2311499566c9258,2025-11-02 18:00:00+00:00
GB,10,PHI,False,7,10,False,False,-1.0,1.0,0-3 (close),True,Favorite,0-3 (close) Favorite,3.0,-3,-6.0,-4.600000000000001,5,4,3,6,False,False,1,0,1,0,0,0,0,0,438868ff90501a1fe9a0fbecbee9dc12,2025-11-11 01:15:00+00:00
GB,11,NYG,True,27,20,True,False,-7.5,7.5,7+ (large),True,Favorite,7+ (large) Favorite,2.599999999999998,7,4.400000000000002,-1.8000000000000007,6,4,3,7,False,False,1,0,1,0,0,0,0,0,5c06e82838fcfade9adf1e89b8bd3081,2025-11-16 18:00:00+00:00
GB,12,MIN,False,23,6,True,True,-6.5,6.5,3-7 (moderate),True,Favorite,3-7 (moderate) Favorite,13.600000000000001,17,3.3999999999999986,-3.900000000000002,7,4,4,7,False,False,1,0,1,0,0,0,0,0,91019a528f43cd28965fdc68a3f3ef85,2025-11-23 18:00:00+00:00
HOU,1,LAR,True,9,14,False,False,3.0,3.0,0-3 (close),False,Underdog,0-3 (close) Underdog,-5.899999999999999,-5,0.8999999999999986,-3.8000000000000007,0,1,0,1,False,False,0,0,0,0,0,0,0,0,dc0e3db61983a138098f28226788d2d3,2025-09-07 20:25:00+00:00
HOU,2,TB,False,19,20,False,False,-2.5,2.5,0-3 (close),True,Favorite,0-3 (close) Favorite,-8.5,-1,7.5,-3.6999999999999993,0,2,0,2,False,False,0,0,0,0,0,0,0,0,7d9a04f411031528d9c1d2df7b9a0453,2025-09-15 23:01:00+00:00
HOU,3,JAX,True,10,17,False,False,1.5,1.5,0-3 (close),False,Underdog,0-3 (close) Underdog,-3.8000000000000007,-7,-3.1999999999999993,-10.899999999999999,0,3,0,3,True,False,0,1,0,1,0,0,0,0,97de7672b61dbddbce982711c121e76d,2025-09-21 17:03:00+00:00
HOU,3,JAX,False,10,17,False,False,-0.5,0.5,0-3 (close),True,Favorite,0-3 (close) Favorite,-3.8000000000000007,-7,-3.1999999999999993,-18.099999999999998,0,4,0,4,False,False,0,1,0,1,0,0,0,0,9dbf94f23521c7cae7fd89b2d33fc3bd,2025-11-09 18:00:00+00:00
HOU,4,TEN,False,26,0,True,True,-7.5,7.5,7+ (large),True,Favorite,7+ (large) Favorite,7.199999999999999,26,18.8,-11.299999999999997,1,4,1,4,False,False,0,1,0,1,0,0,0,0,85c9b76cd6bd575b611cb4e8feb7a0b0,2025-09-28 17:01:00+00:00
HOU,4,TEN,True,26,0,True,True,-5.5,5.5,3-7 (moderate),True,Favorite,3-7 (moderate) Favorite,7.199999999999999,26,18.8,-4.4999999999999964,2,4,2,4,True,False,1,1,1,1,0,0,0,0,fd2f29289d6437a7c07d4780c5f04936,2025-11-16 18:00:00+00:00
HOU,5,BAL,True,44,10,True,True,-2.5,2.5,0-3 (close),True,Favorite,0-3 (close) Favorite,18.9,34,15.100000000000001,4.600000000000005,3,4,3,4,True,False,2,1,2,1,0,0,0,0,6eb8eeff6a052455649ddd2a50e0a188,2025-10-05 17:01:00+00:00
HOU,7,SEA,True,19,27,False,False,3.0,3.0,0-3 (close),False,Underdog,0-3 (close) Underdog,-3.8000000000000007,-8,-4.199999999999999,4.100000000000005,3,5,3,5,True,False,2,2,2,2,0,0,0,0,7ca953ab786f70b22cabbe4946d330fa,2025-10-21 02:00:00+00:00
HOU,8,SF,False,26,15,True,True,-3.0,3.0,0-3 (close),True,Favorite,0-3 (close) Favorite,7.800000000000001,11,3.1999999999999993,4.100000000000005,4,5,4,5,False,False,2,2,2,2,0,0,0,0,abc4104a9ac597ce37d703613256fd6c,2025-10-26 17:03:00+00:00
HOU,9,DEN,False,15,18,False,False,-2.0,2.0,0-3 (close),True,Favorite,0-3 (close) Favorite,-3.0999999999999996,-3,0.09999999999999964,3.5000000000000053,4,6,4,6,False,False,2,2,2,2,0,0,0,0,72e2ce6652bbb3901f60b38bec05bf5f,2025-11-02 18:00:00+00:00
HOU,12,BUF,False,23,19,True,True,5.5,5.5,3-7 (moderate),False,Underdog,3-7 (moderate) Underdog,2.5,4,1.5,5.900000000000004,5,6,5,6,False,False,2,2,2,2,0,0,0,0,cd2e0964817c30ad3f5144ea49b55f2b,2025-11-21 01:15:00+00:00
IND,1,MIA,False,33,8,True,True,-1.0,1.0,0-3 (close),True,Favorite,0-3 (close) Favorite,13.0,25,12.0,9.0,1,0,1,0,False,False,0,0,0,0,0,0,0,0,b02a72c768a6c6dee87aa74f78e84176,2025-09-07 17:03:00+00:00
IND,2,DEN,False,29,28,True,True,1.0,1.0,0-3 (close),False,Underdog,0-3 (close) Underdog,1.3000000000000007,1,-0.3000000000000007,13.0,2,0,2,0,True,False,1,0,1,0,0,0,0,0,e217b38ef8bc6e98d3512cb42b90782e,2025-09-14 20:06:00+00:00
IND,3,TEN,False,41,20,True,True,-15.0,15.0,7+ (large),True,Favorite,7+ (large) Favorite,14.399999999999999,21,6.600000000000001,23.8,3,0,3,0,False,False,1,0,1,0,0,0,0,0,88187a33b007c088d75c6cd14c83086c,2025-10-26 20:25:00+00:00
IND,3,TEN,True,41,20,True,True,-6.0,6.0,3-7 (moderate),True,Favorite,3-7 (moderate) Favorite,14.399999999999999,21,6.600000000000001,34.6,4,0,4,0,False,False,1,0,1,0,0,0,0,0,bb506016737825f4d0b1f9862f95c246,2025-09-21 17:01:00+00:00
IND,4,LAR,True,20,27,False,False,3.5,3.5,3-7 (moderate),False,Underdog,3-7 (moderate) Underdog,-7.299999999999997,-7,0.29999999999999716,34.0,4,1,4,1,False,False,1,0,1,0,0,0,0,0,d90e0de2d5fa2d57e8812f31775ad0ba,2025-09-28 20:06:00+00:00
IND,5,LV,False,40,6,True,True,-7.0,7.0,3-7 (moderate),True,Favorite,3-7 (moderate) Favorite,10.7,34,23.3,47.2,5,1,5,1,False,False,1,0,1,0,0,0,0,0,1e3d3526039030b96471845ade5992cf,2025-10-05 17:01:00+00:00
IND,6,ARI,False,31,27,True,False,-9.0,9.0,7+ (large),True,Favorite,7+ (large) Favorite,2.5,4,1.5,51.1,6,1,5,2,True,False,2,0,1,1,0,0,0,0,dfa87b0532de1389297103c2e3195347,2025-10-12 17:01:00+00:00
IND,7,LAC,True,38,24,True,True,2.0,2.0,0-3 (close),False,Underdog,0-3 (close) Underdog,6.799999999999997,14,7.200000000000003,60.2,7,1,6,2,False,False,2,0,1,1,0,0,0,0,a0ad5501e9d1d2ee9f61d9f293374f17,2025-10-19 20:05:00+00:00
IND,9,PIT,True,20,27,False,False,-3.0,3.0,0-3 (close),True,Favorite,0-3 (close) Favorite,2.0,-7,-9.0,55.900000000000006,7,2,6,3,True,False,2,1,1,2,0,0,0,0,2340a6e0794d5688996dcf8aaf634742,2025-11-02 18:00:00+00:00
IND,10,ATL,False,31,25,True,True,-2.5,2.5,0-3 (close),True,Favorite,0-3 (close) Favorite,4.5,6,1.5,57.10000000000001,8,2,7,3,False,True,2,1,1,2,1,0,1,0,42473c1ddf8f424069ff3f264dd8dca4,2025-11-09 14:35:08+00:00
IND,12,KC,True,20,23,False,True,3.5,3.5,3-7 (moderate),False,Underdog,3-7 (moderate) Underdog,-7.100000000000001,-3,4.100000000000001,59.60000000000001,8,3,8,3,False,False,2,1,1,2,1,0,1,0,8b39d8dc550ced94f9faa91878ebf6b6,2025-11-23 18:00:00+00:00
JAX,1,CAR,False,26,10,True,True,-4.5,4.5,3-7 (moderate),True,Favorite,3-7 (moderate) Favorite,11.1,16,4.9,1.5,1,0,1,0,False,False,0,0,0,0,0,0,0,0,394256a6c3d0f5ecd1208fffaae6a72f,2025-09-07 17:00:00+00:00
JAX,2,CIN,True,27,31,False,False,3.5,3.5,3-7 (moderate),False,Underdog,3-7 (moderate) Underdog,4.800000000000001,-4,-8.8,0.6999999999999993,1,1,1,1,False,False,0,0,0,0,0,0,0,0,ec75e45d75691f810f347e0c5ff25d6e,2025-09-14 17:03:00+00:00
JAX,3,HOU,False,17,10,True,True,-1.5,1.5,0-3 (close),True,Favorite,0-3 (close) Favorite,3.8000000000000007,7,3.1999999999999993,-3.3000000000000007,2,1,2,1,False,True,0,0,0,0,1,0,1,0,97de7672b61dbddbce982711c121e76d,2025-09-21 17:03:00+00:00
JAX,3,HOU,True,17,10,True,True,0.5,0.5,0-3 (close),False,Underdog,0-3 (close) Underdog,3.8000000000000007,7,3.1999999999999993,-7.300000000000001,3,1,3,1,False,False,0,0,0,0,1,0,1,0,9dbf94f23521c7cae7fd89b2d33fc3bd,2025-11-09 18:00:00+00:00
JAX,4,SF,True,26,21,True,True,3.0,3.0,0-3 (close),False,Underdog,0-3 (close) Underdog,-0.1999999999999993,5,5.199999999999999,-4.0,4,1,4,1,False,False,0,0,0,0,1,0,1,0,09f55b4a19a83eb951a9400a11123477,2025-09-28 20:06:00+00:00
JAX,5,KC,False,31,28,True,True,3.5,3.5,3-7 (moderate),False,Underdog,3-7 (moderate) Underdog,-10.099999999999998,3,13.099999999999998,4.300000000000001,5,1,5,1,False,False,0,0,0,0,1,0,1,0,1910db6879dddf37e4f86f0bcf1c9547,2025-10-07 00:16:00+00:00
JAX,6,SEA,False,12,20,False,False,1.0,1.0,0-3 (close),False,Underdog,0-3 (close) Underdog,-3.5,-8,-4.5,-1.8000000000000007,5,2,5,2,True,False,0,1,0,1,1,0,1,0,e5dd1fed586cfc0ec2d7c06f2a02c37a,2025-10-12 17:03:00+00:00
JAX,7,LAR,False,7,35,False,False,3.0,3.0,0-3 (close),False,Underdog,0-3 (close) Underdog,-8.2,-28,-19.8,-12.600000000000001,5,3,5,3,False,False,0,1,0,1,1,0,1,0,79de65f1b97c9145ebdcb019eb486500,2025-10-19 13:32:42+00:00
JAX,9,LV,True,30,29,True,False,-2.5,2.5,0-3 (close),True,Favorite,0-3 (close) Favorite,0.5,1,0.5,-8.3,6,3,5,4,False,True,0,1,0,1,2,0,1,1,d0bf341e7959d69b55f1a8ff09065234,2025-11-02 21:05:00+00:00
JAX,11,LAC,False,35,6,True,True,3.0,3.0,0-3 (close),False,Underdog,0-3 (close) Underdog,16.8,29,12.2,-4.800000000000001,7,3,6,4,False,False,0,1,0,1,2,0,1,1,591fd7cff37201a14cbdfbd457592445,2025-11-16 18:00:00+00:00
JAX,12,ARI,True,27,24,True,True,-2.5,2.5,0-3 (close),True,Favorite,0-3 (close) Favorite,1.1999999999999993,3,1.8000000000000007,-2.1000000000000014,8,3,7,4,True,False,1,1,1,1,2,0,1,1,e32e0030899c06fdf2c74745ca27d85a,2025-11-23 21:05:00+00:00
KC,1,LAC,True,21,27,False,False,-3.0,3.0,0-3 (close),True,Favorite,0-3 (close) Favorite,-6.899999999999999,-6,0.8999999999999986,1.3999999999999986,0,1,0,1,False,False,0,0,0,0,0,0,0,0,9535d3e3ee9d9fc83ea2b500ad0b587c,2025-09-06 00:00:00+00:00
KC,2,PHI,False,17,20,False,False,1.0,1.0,0-3 (close),False,Underdog,0-3 (close) Underdog,-0.7999999999999972,-3,-2.200000000000003,1.2999999999999972,0,2,0,2,False,False,0,0,0,0,0,0,0,0,bbec8d71145954cff67915c9b006bb6e,2025-09-14 20:25:00+00:00
KC,3,NYG,True,22,9,True,True,-6.0,6.0,3-7 (moderate),True,Favorite,3-7 (moderate) Favorite,6.600000000000001,13,6.399999999999999,-1.7000000000000028,1,2,1,2,False,False,0,0,0,0,0,0,0,0,ee840f13db8bd150fcdd8f6670fa7041,2025-09-22 00:21:00+00:00
KC,4,BAL,False,37,20,True,True,2.5,2.5,0-3 (close),False,Underdog,0-3 (close) Underdog,7.0,17,10.0,9.699999999999996,2,2,2,2,False,False,0,0,0,0,0,0,0,0,051233db287b02fd3e7574955879ece2,2025-09-28 20:25:00+00:00
KC,5,JAX,True,28,31,False,False,-3.5,3.5,3-7 (moderate),True,Favorite,3-7 (moderate) Favorite,10.099999999999998,-3,-13.099999999999998,4.899999999999999,2,3,2,3,True,False,0,1,0,1,0,0,0,0,1910db6879dddf37e4f86f0bcf1c9547,2025-10-07 00:16:00+00:00
KC,6,DET,False,30,17,True,True,-2.5,2.5,0-3 (close),True,Favorite,0-3 (close) Favorite,4.199999999999999,13,8.8,5.5,3,3,3,3,False,True,0,1,0,1,1,0,1,0,82e432d5d8bc0b5a6cbe0c324de90de3,2025-10-13 00:20:00+00:00
KC,7,LV,False,31,0,True,True,-13.0,13.0,7+ (large),True,Favorite,7+ (large) Favorite,30.8,31,0.1999999999999993,5.800000000000001,4,3,4,3,True,False,1,1,1,1,1,0,1,0,3127c0dd6ed51a44354af51791bc3e5a,2025-10-19 17:03:00+00:00
KC,8,WAS,False,28,7,True,True,-11.0,11.0,7+ (large),True,Favorite,7+ (large) Favorite,9.3,21,11.7,8.3,5,3,5,3,False,False,1,1,1,1,1,0,1,0,7e3361e84d5223a8d210a887b249f247,2025-10-28 00:15:00+00:00
KC,9,BUF,True,21,28,False,False,-2.0,2.0,0-3 (close),True,Favorite,0-3 (close) Favorite,-8.099999999999998,-7,1.0999999999999979,8.2,5,4,5,4,True,False,1,2,1,2,1,0,1,0,61531628516decd1ee8116da5f6f9056,2025-11-02 21:25:00+00:00
KC,11,DEN,True,19,22,False,False,-4.5,4.5,3-7 (moderate),True,Favorite,3-7 (moderate) Favorite,0.5,-3,-3.5,5.399999999999999,5,5,5,5,False,False,1,2,1,2,1,0,1,0,96ce7785b0980b03282c7e10d4c58d4a,2025-11-16 21:25:00+00:00
KC,12,IND,False,23,20,True,False,-3.5,3.5,3-7 (moderate),True,Favorite,3-7 (moderate) Favorite,7.100000000000001,3,-4.100000000000001,3.799999999999997,6,5,5,6,False,False,1,2,1,2,1,0,1,0,8b39d8dc550ced94f9faa91878ebf6b6,2025-11-23 18:00:00+00:00
LAC,1,KC,False,27,21,True,True,3.0,3.0,0-3 (close),False,Underdog,0-3 (close) Underdog,6.899999999999999,6,-0.8999999999999986,0.5,1,0,1,0,False,False,0,0,0,0,0,0,0,0,9535d3e3ee9d9fc83ea2b500ad0b587c,2025-09-06 00:00:00+00:00
LAC,2,LV,True,20,9,True,True,-3.5,3.5,3-7 (moderate),True,Favorite,3-7 (moderate) Favorite,8.8,11,2.1999999999999993,0.1999999999999993,2,0,2,0,False,False,0,0,0,0,0,0,0,0,bebae12f59f19bd877df7ac3cab05263,2025-09-16 02:00:00+00:00
LAC,3,DEN,False,23,20,True,True,-2.5,2.5,0-3 (close),True,Favorite,0-3 (close) Favorite,9.2,3,-6.199999999999999,1.1999999999999993,3,0,3,0,False,False,0,0,0,0,0,0,0,0,0ee3f5a0078c21cfdffd1b97002e7da5,2025-09-21 20:05:00+00:00
LAC,4,NYG,True,18,21,False,False,-6.0,6.0,3-7 (moderate),True,Favorite,3-7 (moderate) Favorite,-0.10000000000000142,-3,-2.8999999999999986,0.1999999999999993,3,1,3,1,False,False,0,0,0,0,0,0,0,0,d921b1e86b0a30ad91000ffc360d302d,2025-09-28 17:03:00+00:00
LAC,5,WAS,False,10,27,False,False,-3.0,3.0,0-3 (close),True,Favorite,0-3 (close) Favorite,-15.3,-17,-1.6999999999999993,-2.5,3,2,3,2,False,False,0,0,0,0,0,0,0,0,79c4e9f40e2647dc2a7b377cf61c48cd,2025-10-05 20:26:00+00:00
LAC,6,MIA,True,29,27,True,False,-3.5,3.5,3-7 (moderate),True,Favorite,3-7 (moderate) Favorite,1.5,2,0.5,3.8999999999999986,4,2,3,3,False,False,0,0,0,0,0,0,0,0,a7211a87bbd5fb2ee473eb9c93ee2e68,2025-10-12 17:01:00+00:00
LAC,7,IND,False,24,38,False,False,-2.0,2.0,0-3 (close),True,Favorite,0-3 (close) Favorite,-6.799999999999997,-14,-7.200000000000003,5.799999999999997,4,3,3,4,False,False,0,0,0,0,0,0,0,0,a0ad5501e9d1d2ee9f61d9f293374f17,2025-10-19 20:05:00+00:00
LAC,8,MIN,False,37,10,True,True,-3.5,3.5,3-7 (moderate),True,Favorite,3-7 (moderate) Favorite,17.1,27,9.899999999999999,14.599999999999998,5,3,4,4,False,True,0,0,0,0,1,0,1,0,6439b16f4a038f1c351dc3f1aef27471,2025-10-24 00:15:00+00:00
LAC,9,TEN,True,27,20,True,False,-10.0,10.0,7+ (large),True,Favorite,7+ (large) Favorite,15.700000000000001,7,-8.700000000000001,14.299999999999997,6,3,4,5,True,False,1,0,0,1,1,0,1,0,b60025aea576e2e89ef7bc7303f847ec,2025-11-02 18:00:00+00:00
LAC,10,PIT,False,25,10,True,True,-2.5,2.5,0-3 (close),True,Favorite,0-3 (close) Favorite,7.9,15,7.1,17.299999999999997,7,3,5,5,False,True,1,0,0,1,2,0,2,0,349d53a4f89591312ea528e81b786474,2025-11-10 01:20:00+00:00
LAC,11,JAX,True,6,35,False,False,-3.0,3.0,0-3 (close),True,Favorite,0-3 (close) Favorite,-16.8,-29,-12.2,8.599999999999998,7,4,5,6,True,False,1,1,0,2,2,0,2,0,591fd7cff37201a14cbdfbd457592445,2025-11-16 18:00:00+00:00
LAR,1,HOU,False,14,9,True,True,-3.0,3.0,0-3 (close),True,Favorite,0-3 (close) Favorite,5.899999999999999,5,-0.8999999999999986,-4.699999999999999,1,0,1,0,False,False,0,0,0,0,0,0,0,0,dc0e3db61983a138098f28226788d2d3,2025-09-07 20:25:00+00:00
LAR,2,TEN,True,33,19,True,True,-5.5,5.5,3-7 (moderate),True,Favorite,3-7 (moderate) Favorite,12.3,14,1.6999999999999993,1.6999999999999993,2,0,2,0,False,False,0,0,0,0,0,0,0,0,0e6f68b30237afc04d1517a193213a65,2025-09-14 17:01:00+00:00
LAR,3,PHI,True,26,33,False,False,3.5,3.5,3-7 (moderate),False,Underdog,3-7 (moderate) Underdog,3.200000000000003,-7,-10.200000000000003,3.099999999999998,2,1,2,1,False,False,0,0,0,0,0,0,0,0,4c4ae4a2d54fc3f71c450187e9391ddc,2025-09-21 17:01:00+00:00
LAR,4,IND,False,27,20,True,True,-3.5,3.5,3-7 (moderate),True,Favorite,3-7 (moderate) Favorite,7.299999999999997,7,-0.29999999999999716,2.1999999999999993,3,1,3,1,False,True,0,0,0,0,1,0,1,0,d90e0de2d5fa2d57e8812f31775ad0ba,2025-09-28 20:06:00+00:00
LAR,5,SF,True,23,26,False,False,-6.0,6.0,3-7 (moderate),True,Favorite,3-7 (moderate) Favorite,5.100000000000001,-3,-8.100000000000001,-6.800000000000001,3,2,3,2,False,False,0,0,0,0,1,0,1,0,2710103fe4fb0170ae03b4e34bde8132,2025-11-09 21:25:00+00:00
LAR,5,SF,False,23,26,False,False,-8.5,8.5,7+ (large),True,Favorite,7+ (large) Favorite,5.100000000000001,-3,-8.100000000000001,-15.8,3,3,3,3,False,True,0,0,0,0,1,1,1,1,c4b72eabb3d557e73022ec730d8e3944,2025-10-03 00:16:00+00:00
LAR,6,BAL,True,17,3,True,True,-7.0,7.0,3-7 (moderate),True,Favorite,3-7 (moderate) Favorite,7.799999999999999,14,6.200000000000001,-22.0,4,3,4,3,False,True,0,0,0,0,2,1,2,1,b235bc78609644cb28492cc1d6ad69fd,2025-10-12 17:01:00+00:00
LAR,7,JAX,True,35,7,True,True,-3.0,3.0,0-3 (close),True,Favorite,0-3 (close) Favorite,8.2,28,19.8,-13.0,5,3,5,3,False,False,0,0,0,0,2,1,2,1,79de65f1b97c9145ebdcb019eb486500,2025-10-19 13:32:42+00:00
LAR,9,NO,False,34,10,True,True,-14.0,14.0,7+ (large),True,Favorite,7+ (large) Favorite,19.8,24,4.199999999999999,-10.8,6,3,6,3,True,False,1,0,1,0,2,1,2,1,b08df670a95f1809707b335dc75081c6,2025-11-02 21:05:00+00:00
LAR,11,SEA,False,21,19,True,False,-3.25,3.25,3-7 (moderate),True,Favorite,3-7 (moderate) Favorite,-5.199999999999999,2,7.199999999999999,-6.900000000000002,7,3,6,4,False,False,1,0,1,0,2,1,2,1,e926e654cedeb65fcfcc389a5158ef4e,2025-11-16 21:05:00+00:00
LAR,12,TB,False,34,7,True,True,-7.0,7.0,3-7 (moderate),True,Favorite,3-7 (moderate) Favorite,18.9,27,8.100000000000001,-3.400000000000002,8,3,7,4,True,False,2,0,2,0,2,1,2,1,9e7119f5a24471c39145663b84f100b2,2025-11-24 01:20:00+00:00
LV,1,NE,True,20,13,True,True,2.5,2.5,0-3 (close),False,Underdog,0-3 (close) Underdog,4.200000000000003,7,2.799999999999997,-4.100000000000001,1,0,1,0,False,False,0,0,0,0,0,0,0,0,0b2455795dfcd692dd607503e4f20d04,2025-09-07 17:03:00+00:00
LV,2,LAC,False,9,20,False,False,3.5,3.5,3-7 (moderate),False,Underdog,3-7 (moderate) Underdog,-8.8,-11,-2.1999999999999993,-6.600000000000001,1,1,1,1,False,False,0,0,0,0,0,0,0,0,bebae12f59f19bd877df7ac3cab05263,2025-09-16 02:00:00+00:00
LV,3,WAS,True,24,41,False,False,3.0,3.0,0-3 (close),False,Underdog,0-3 (close) Underdog,-15.000000000000002,-17,-1.9999999999999982,4.299999999999999,1,2,1,2,False,False,0,0,0,0,0,0,0,0,03a5eed2c8ef5d1c8a48866ea4b0d63a,2025-09-21 17:03:00+00:00
LV,4,CHI,False,24,25,False,False,-1.5,1.5,0-3 (close),True,Favorite,0-3 (close) Favorite,5.800000000000001,-1,-6.800000000000001,2.6999999999999975,1,3,1,3,False,False,0,0,0,0,0,0,0,0,af6fbb0a2e996613bc393115276c60e2,2025-09-28 20:26:00+00:00
LV,5,IND,True,6,40,False,False,7.0,7.0,3-7 (moderate),False,Underdog,3-7 (moderate) Underdog,-10.7,-34,-23.3,-7.400000000000004,1,4,1,4,False,False,0,0,0,0,0,0,0,0,1e3d3526039030b96471845ade5992cf,2025-10-05 17:01:00+00:00
LV,6,TEN,False,20,10,True,True,-3.5,3.5,3-7 (moderate),True,Favorite,3-7 (moderate) Favorite,8.1,10,1.9000000000000004,-7.600000000000003,2,4,2,4,False,True,0,0,0,0,1,0,1,0,4963bff460a5f26cab46a8e5ea6db148,2025-10-12 20:06:00+00:00
LV,7,KC,True,0,31,False,False,13.0,13.0,7+ (large),False,Underdog,7+ (large) Underdog,-30.8,-31,-0.1999999999999993,-7.5000000000000036,2,5,2,5,False,False,0,0,0,0,1,0,1,0,3127c0dd6ed51a44354af51791bc3e5a,2025-10-19 17:03:00+00:00
LV,9,JAX,False,29,30,False,True,2.5,2.5,0-3 (close),False,Underdog,0-3 (close) Underdog,-0.5,-1,-0.5,-3.700000000000003,2,6,3,5,False,False,0,0,0,0,1,0,1,0,d0bf341e7959d69b55f1a8ff09065234,2025-11-02 21:05:00+00:00
LV,10,DEN,True,7,10,False,True,9.0,9.0,7+ (large),False,Underdog,7+ (large) Underdog,-3.5,-3,0.5,-10.400000000000002,2,7,4,5,False,False,0,0,0,0,1,0,1,0,13bdffda97e8fb13179fe3f2f69d66f8,2025-11-07 01:15:00+00:00
LV,11,DAL,False,16,33,False,False,3.5,3.5,3-7 (moderate),False,Underdog,3-7 (moderate) Underdog,-10.0,-17,-7.0,-12.8,2,8,4,6,False,False,0,0,0,0,1,0,1,0,80d04ba917883a6438580ebae9fb0f22,2025-11-18 01:15:00+00:00
LV,12,CLE,False,10,24,False,False,-3.5,3.5,3-7 (moderate),True,Favorite,3-7 (moderate) Favorite,-3.5,-14,-10.5,-15.3,2,9,4,7,False,True,0,0,0,0,1,1,1,1,27f50ddbc4c3fbad10398c5187a28dc7,2025-11-23 21:05:00+00:00
MIA,1,IND,True,8,33,False,False,1.0,1.0,0-3 (close),False,Underdog,0-3 (close) Underdog,-13.0,-25,-12.0,-3.0,0,1,0,1,False,False,0,0,0,0,0,0,0,0,b02a72c768a6c6dee87aa74f78e84176,2025-09-07 17:03:00+00:00
MIA,2,NE,False,27,33,False,False,-2.5,2.5,0-3 (close),True,Favorite,0-3 (close) Favorite,-1.6000000000000014,-6,-4.399999999999999,4.100000000000001,0,2,0,2,False,True,0,0,0,0,0,1,0,1,575c1b169aab675ec72372ccb0f4c55f,2025-09-14 17:03:00+00:00
MIA,3,BUF,False,21,31,False,False,8.0,8.0,7+ (large),False,Underdog,7+ (large) Underdog,-10.5,-10,0.5,7.800000000000001,0,3,0,3,False,False,0,0,0,0,0,1,0,1,3c10bc18680995136017c3bfd3152334,2025-11-09 18:00:00+00:00
MIA,3,BUF,True,21,31,False,True,11.5,11.5,7+ (large),False,Underdog,7+ (large) Underdog,-10.5,-10,0.5,11.5,0,4,1,3,False,False,0,0,0,0,0,1,0,1,aca5234c57e31b1931e51d2d0d6046f5,2025-09-19 00:15:00+00:00
MIA,4,NYJ,False,27,21,True,True,-2.5,2.5,0-3 (close),True,Favorite,0-3 (close) Favorite,-6.899999999999999,6,12.899999999999999,19.0,1,4,2,3,False,False,0,0,0,0,0,1,0,1,bc76fb8d846588ed46297aaab4e83de9,2025-09-29 23:16:00+00:00
MIA,5,CAR,True,24,27,False,False,-1.0,1.0,0-3 (close),True,Favorite,0-3 (close) Favorite,-4.800000000000001,-3,1.8000000000000007,24.8,1,5,2,4,True,False,0,1,0,1,0,1,0,1,ff8222149317a63ffe50fcda777d14c0,2025-10-05 17:01:00+00:00
MIA,6,LAC,False,27,29,False,True,3.5,3.5,3-7 (moderate),False,Underdog,3-7 (moderate) Underdog,-1.5,-2,-0.5,30.7,1,6,3,4,False,False,0,1,0,1,0,1,0,1,a7211a87bbd5fb2ee473eb9c93ee2e68,2025-10-12 17:01:00+00:00
MIA,7,CLE,True,6,31,False,False,2.5,2.5,0-3 (close),False,Underdog,0-3 (close) Underdog,-8.7,-25,-16.3,28.4,1,7,3,5,False,False,0,1,0,1,0,1,0,1,f0336c9a3749716250afba387d157377,2025-10-19 17:03:00+00:00
MIA,8,ATL,True,34,10,True,True,7.0,7.0,3-7 (moderate),False,Underdog,3-7 (moderate) Underdog,14.200000000000001,24,9.799999999999999,34.8,2,7,4,5,False,True,0,1,0,1,1,1,1,1,ac02b1b59aa0623845378a02bc530c68,2025-10-26 17:00:00+00:00
MIA,9,BAL,False,6,28,False,False,7.5,7.5,7+ (large),False,Underdog,7+ (large) Underdog,-10.600000000000001,-22,-11.399999999999999,23.9,2,8,4,6,True,False,0,2,0,2,1,1,1,1,677dbbb6ad96fc5f5b36bb20b43139dd,2025-10-31 00:15:00+00:00
MIA,11,WAS,False,16,13,True,True,2.25,2.25,0-3 (close),False,Underdog,0-3 (close) Underdog,-0.10000000000000142,3,3.1000000000000014,16.4,3,8,5,6,False,True,0,2,0,2,2,1,2,1,265f0188945bb81ec64751571eb724cb,2025-11-16 14:34:50+00:00
MIN,1,CHI,False,27,24,True,True,-3.0,3.0,0-3 (close),True,Favorite,0-3 (close) Favorite,0.7000000000000028,3,2.299999999999997,6.399999999999999,1,0,1,0,False,False,0,0,0,0,0,0,0,0,229a5e9ce60dcb344a8cc3c97121154e,2025-11-16 18:00:00+00:00
MIN,1,CHI,True,27,24,True,True,-1.5,1.5,0-3 (close),True,Favorite,0-3 (close) Favorite,0.7000000000000028,3,2.299999999999997,12.799999999999997,2,0,2,0,False,False,0,0,0,0,0,0,0,0,c6d7807cee33d5e81c671527b9c8b3f1,2025-09-09 00:15:00+00:00
MIN,2,ATL,False,6,22,False,False,-3.0,3.0,0-3 (close),True,Favorite,0-3 (close) Favorite,-7.700000000000001,-16,-8.299999999999999,4.899999999999997,2,1,2,1,False,False,0,0,0,0,0,0,0,0,37d09ce5d357536d0e58dd4ba0ab4106,2025-09-15 00:20:00+00:00
MIN,3,CIN,False,48,10,True,True,-3.0,3.0,0-3 (close),True,Favorite,0-3 (close) Favorite,23.1,38,14.899999999999999,22.199999999999996,3,1,3,1,False,True,0,0,0,0,1,0,1,0,eefb7f130c8fc2c129e296fe5c6ba3e3,2025-09-21 17:03:00+00:00
MIN,4,PIT,True,21,24,False,False,2.75,2.75,0-3 (close),False,Underdog,0-3 (close) Underdog,-8.8,-3,5.800000000000001,22.899999999999995,3,2,3,2,True,False,0,1,0,1,1,0,1,0,4dd631102a977fd398f7ea594ed208f2,2025-09-28 13:33:00+00:00
MIN,5,CLE,True,21,17,True,True,-3.5,3.5,3-7 (moderate),True,Favorite,3-7 (moderate) Favorite,7.300000000000001,4,-3.3000000000000007,17.399999999999995,4,2,4,2,False,False,0,1,0,1,1,0,1,0,6e206c7bc9379b07d27298a393305384,2025-10-05 13:31:00+00:00
MIN,7,PHI,False,22,28,False,False,2.5,2.5,0-3 (close),False,Underdog,0-3 (close) Underdog,3.3999999999999986,-6,-9.399999999999999,15.499999999999996,4,3,4,3,False,False,0,1,0,1,1,0,1,0,6a8d2daf7f75100d02656bc0217737e8,2025-10-19 17:03:00+00:00
MIN,8,LAC,True,10,37,False,False,3.5,3.5,3-7 (moderate),False,Underdog,3-7 (moderate) Underdog,-17.1,-27,-9.899999999999999,14.399999999999997,4,4,4,4,False,True,0,1,0,1,1,1,1,1,6439b16f4a038f1c351dc3f1aef27471,2025-10-24 00:15:00+00:00
MIN,9,DET,True,27,24,True,True,9.5,9.5,7+ (large),False,Underdog,7+ (large) Underdog,2.1000000000000014,3,0.8999999999999986,21.4,5,4,5,4,False,True,0,1,0,1,2,1,2,1,cf95657d78ab3e515203df1d19c3b0c2,2025-11-02 18:00:00+00:00
MIN,10,BAL,False,19,27,False,False,4.5,4.5,3-7 (moderate),False,Underdog,3-7 (moderate) Underdog,-6.900000000000002,-8,-1.0999999999999979,19.7,5,5,5,5,False,False,0,1,0,1,2,1,2,1,9900b89c4776c5b47dd26ca4c755edf9,2025-11-09 18:00:00+00:00
MIN,12,GB,True,6,23,False,False,6.5,6.5,3-7 (moderate),False,Underdog,3-7 (moderate) Underdog,-13.600000000000001,-17,-3.3999999999999986,14.2,5,6,5,6,False,False,0,1,0,1,2,1,2,1,91019a528f43cd28965fdc68a3f3ef85,2025-11-23 18:00:00+00:00
NE,1,LV,False,13,20,False,False,-2.5,2.5,0-3 (close),True,Favorite,0-3 (close) Favorite,-4.200000000000003,-7,-2.799999999999997,-6.899999999999999,0,1,0,1,False,False,0,0,0,0,0,0,0,0,0b2455795dfcd692dd607503e4f20d04,2025-09-07 17:03:00+00:00
NE,2,MIA,True,33,27,True,True,2.5,2.5,0-3 (close),False,Underdog,0-3 (close) Underdog,1.6000000000000014,6,4.399999999999999,4.600000000000001,1,1,1,1,False,False,0,0,0,0,0,0,0,0,575c1b169aab675ec72372ccb0f4c55f,2025-09-14 17:03:00+00:00
NE,3,PIT,False,14,21,False,False,1.0,1.0,0-3 (close),False,Underdog,0-3 (close) Underdog,1.1999999999999993,-7,-8.2,-4.099999999999998,1,2,1,2,False,False,0,0,0,0,0,0,0,0,c4c42918a645b1a4773f47d7eaa5cfcf,2025-09-21 17:03:00+00:00
NE,4,CAR,False,42,13,True,True,-5.5,5.5,3-7 (moderate),True,Favorite,3-7 (moderate) Favorite,1.5,29,27.5,13.500000000000004,2,2,2,2,False,True,0,0,0,0,1,0,1,0,f8fe40924827231233dc10f6999d8ff7,2025-09-28 17:03:00+00:00
NE,5,BUF,True,23,20,True,True,8.0,8.0,7+ (large),False,Underdog,7+ (large) Underdog,-1.8000000000000007,3,4.800000000000001,14.000000000000004,3,2,3,2,True,False,1,0,1,0,1,0,1,0,ba826e757d625a676452b8d3d6971bb0,2025-10-06 00:21:00+00:00
NE,6,NO,True,25,19,True,True,-3.5,3.5,3-7 (moderate),True,Favorite,3-7 (moderate) Favorite,1.0,6,5.0,17.800000000000004,4,2,4,2,False,False,1,0,1,0,1,0,1,0,f2c642e1f95555424b9a9a4f03733b42,2025-10-12 17:03:00+00:00
NE,7,TEN,True,31,13,True,True,-6.5,6.5,3-7 (moderate),True,Favorite,3-7 (moderate) Favorite,12.4,18,5.6,22.800000000000004,5,2,5,2,False,False,1,0,1,0,1,0,1,0,f7fa9341eeffb08f7e6e769398cd32e2,2025-10-19 17:03:00+00:00
NE,8,CLE,False,32,13,True,True,-7.0,7.0,3-7 (moderate),True,Favorite,3-7 (moderate) Favorite,14.3,19,4.699999999999999,27.700000000000003,6,2,6,2,False,False,1,0,1,0,1,0,1,0,3536a3e857050d2dd6e2019ceb668f67,2025-10-26 17:03:00+00:00
NE,9,ATL,False,24,23,True,False,-5.0,5.0,3-7 (moderate),True,Favorite,3-7 (moderate) Favorite,2.8999999999999986,1,-1.8999999999999986,29.700000000000003,7,2,6,3,False,False,1,0,1,0,1,0,1,0,6dd3b8a705ed0db85d59fa19b9062cc8,2025-11-02 18:00:00+00:00
NE,10,TB,True,28,23,True,True,2.5,2.5,0-3 (close),False,Underdog,0-3 (close) Underdog,-2.5,5,7.5,34.800000000000004,8,2,7,3,False,False,1,0,1,0,1,0,1,0,39e7c1f6e36d5bc4d2613ebf7bb83c10,2025-11-09 18:00:00+00:00
NE,11,NYJ,False,27,14,True,True,-13.0,13.0,7+ (large),True,Favorite,7+ (large) Favorite,4.199999999999999,13,8.8,35.10000000000001,9,2,8,3,True,False,2,0,2,0,1,0,1,0,32ec2bd4ac9e4c40f9f5cbed7e67f837,2025-11-14 01:15:00+00:00
NE,12,CIN,True,26,20,True,False,-7.5,7.5,7+ (large),True,Favorite,7+ (large) Favorite,4.0,6,2.0,37.20000000000001,10,2,8,4,True,False,3,0,2,1,1,0,1,0,1a8f3d70399a5cad83c95196795ed77b,2025-11-23 18:00:00+00:00
NO,1,ARI,False,13,20,False,False,6.0,6.0,3-7 (moderate),False,Underdog,3-7 (moderate) Underdog,1.8000000000000007,-7,-8.8,-7.300000000000001,0,1,0,1,False,False,0,0,0,0,0,0,0,0,557d13ef8f4c1d21044f3a478cda6d0b,2025-09-07 17:03:00+00:00
NO,2,SF,False,21,26,False,False,3.0,3.0,0-3 (close),False,Underdog,0-3 (close) Underdog,-5.100000000000001,-5,0.10000000000000142,-6.800000000000001,0,2,0,2,False,True,0,0,0,0,0,1,0,1,866d7405986fb4d14897cdb6c0aa5926,2025-09-14 17:01:00+00:00
NO,3,SEA,True,13,44,False,False,7.0,7.0,3-7 (moderate),False,Underdog,3-7 (moderate) Underdog,-7.800000000000001,-31,-23.2,-15.8,0,3,0,3,False,False,0,0,0,0,0,1,0,1,311c411c2d53e36a902763dc7a2ef678,2025-09-21 20:05:00+00:00
NO,4,BUF,True,19,31,False,True,14.5,14.5,7+ (large),False,Underdog,7+ (large) Underdog,-1.6999999999999993,-12,-10.3,-19.0,0,4,1,3,False,True,0,0,0,0,0,2,1,1,d16a43752aaac66e9ff8768d8590b662,2025-09-28 17:01:00+00:00
NO,5,NYG,False,26,14,True,True,-2.5,2.5,0-3 (close),True,Favorite,0-3 (close) Favorite,3.6000000000000014,12,8.399999999999999,-16.5,1,4,2,3,False,True,0,0,0,0,1,2,2,1,1fe136913ef0e77717c0f0668163637f,2025-10-05 17:01:00+00:00
NO,6,NE,False,19,25,False,False,3.5,3.5,3-7 (moderate),False,Underdog,3-7 (moderate) Underdog,-1.0,-6,-5.0,-17.7,1,5,2,4,True,False,0,1,0,1,1,2,2,1,f2c642e1f95555424b9a9a4f03733b42,2025-10-12 17:03:00+00:00
NO,7,CHI,True,14,26,False,False,3.5,3.5,3-7 (moderate),False,Underdog,3-7 (moderate) Underdog,-4.599999999999998,-12,-7.400000000000002,-20.8,1,6,2,5,False,False,0,1,0,1,1,2,2,1,8f06a4b503cc7309cb0df4a8b67f9930,2025-10-19 17:03:00+00:00
NO,8,TB,False,3,23,False,False,3.5,3.5,3-7 (moderate),False,Underdog,3-7 (moderate) Underdog,-4.1,-20,-15.9,-28.9,1,7,2,6,False,True,0,1,0,1,1,3,2,2,a8dd9bb0681692540d067bd0e9e66989,2025-10-26 20:05:00+00:00
NO,9,LAR,True,10,34,False,False,14.0,14.0,7+ (large),False,Underdog,7+ (large) Underdog,-19.8,-24,-4.199999999999999,-30.9,1,8,2,7,False,True,0,1,0,1,1,4,2,3,b08df670a95f1809707b335dc75081c6,2025-11-02 21:05:00+00:00
NO,10,CAR,True,17,7,True,True,5.5,5.5,3-7 (moderate),False,Underdog,3-7 (moderate) Underdog,6.300000000000001,10,3.6999999999999993,-34.0,2,8,3,7,False,False,0,1,0,1,1,4,2,3,21f47a328fb2ab65c01360a7a2bd9571,2025-11-09 18:00:00+00:00
NO,12,ATL,False,10,24,False,False,-1.5,1.5,0-3 (close),True,Favorite,0-3 (close) Favorite,-5.100000000000001,-14,-8.899999999999999,-40.2,2,9,3,8,False,False,0,1,0,1,1,4,2,3,8c2d6a56aa63f42227f18a18fc3d2146,2025-11-23 21:25:00+00:00
NYG,1,WAS,True,6,21,False,False,6.0,6.0,3-7 (moderate),False,Underdog,3-7 (moderate) Underdog,-10.700000000000001,-15,-4.299999999999999,-8.6,0,1,0,1,False,False,0,0,0,0,0,0,0,0,4cce00ca468c67eca17a9a061f778fb2,2025-09-07 17:03:00+00:00
NYG,2,DAL,True,37,40,False,True,5.0,5.0,3-7 (moderate),False,Underdog,3-7 (moderate) Underdog,-0.7999999999999972,-3,-2.200000000000003,2.799999999999999,0,2,1,1,False,False,0,0,0,0,0,0,0,0,05a5b084f4e19535b2d3f91ef5c00169,2025-09-14 17:03:00+00:00
NYG,3,KC,False,9,22,False,False,6.0,6.0,3-7 (moderate),False,Underdog,3-7 (moderate) Underdog,-6.600000000000001,-13,-6.399999999999999,-6.6,0,3,1,2,False,False,0,0,0,0,0,0,0,0,ee840f13db8bd150fcdd8f6670fa7041,2025-09-22 00:21:00+00:00
NYG,4,LAC,False,21,18,True,True,6.0,6.0,3-7 (moderate),False,Underdog,3-7 (moderate) Underdog,0.10000000000000142,3,2.8999999999999986,-4.700000000000001,1,3,2,2,False,False,0,0,0,0,0,0,0,0,d921b1e86b0a30ad91000ffc360d302d,2025-09-28 17:03:00+00:00
NYG,5,NO,True,14,26,False,False,2.5,2.5,0-3 (close),False,Underdog,0-3 (close) Underdog,-3.6000000000000014,-12,-8.399999999999999,-10.6,1,4,2,3,False,False,0,0,0,0,0,0,0,0,1fe136913ef0e77717c0f0668163637f,2025-10-05 17:01:00+00:00
NYG,6,PHI,True,34,17,True,True,7.0,7.0,3-7 (moderate),False,Underdog,3-7 (moderate) Underdog,3.099999999999998,17,13.900000000000002,-0.7999999999999989,2,4,3,3,False,True,0,0,0,0,1,0,1,0,a8ebe01e05675c109b53a97f653f8653,2025-10-26 17:03:00+00:00
NYG,6,PHI,False,34,17,True,True,7.5,7.5,7+ (large),False,Underdog,7+ (large) Underdog,3.099999999999998,17,13.900000000000002,9.000000000000002,3,4,4,3,True,False,1,0,1,0,1,0,1,0,e10fe83ee6178a598e7fa84ea0913366,2025-10-10 00:15:00+00:00
NYG,7,DEN,True,32,33,False,True,8.0,8.0,7+ (large),False,Underdog,7+ (large) Underdog,-2.3000000000000007,-1,1.3000000000000007,19.0,3,5,5,3,True,False,1,1,2,0,1,0,1,0,3be866344dfa050e602a6e69170b3cbe,2025-10-19 20:05:00+00:00
NYG,9,SF,False,24,34,False,False,2.5,2.5,0-3 (close),False,Underdog,0-3 (close) Underdog,-4.699999999999999,-10,-5.300000000000001,19.0,3,6,5,4,False,False,1,1,2,0,1,0,1,0,a788e7cebff4b5fe10034710090e4529,2025-11-02 18:00:00+00:00
NYG,10,CHI,True,20,24,False,True,4.5,4.5,3-7 (moderate),False,Underdog,3-7 (moderate) Underdog,-6.600000000000001,-4,2.6000000000000014,18.5,3,7,6,4,False,False,1,1,2,0,1,0,1,0,3b1a97366685a96e6e1940ae56cc4d31,2025-11-09 18:00:00+00:00
NYG,11,GB,False,20,27,False,True,7.5,7.5,7+ (large),False,Underdog,7+ (large) Underdog,-2.599999999999998,-7,-4.400000000000002,16.9,3,8,7,4,False,False,1,1,2,0,1,0,1,0,5c06e82838fcfade9adf1e89b8bd3081,2025-11-16 18:00:00+00:00
NYG,12,DET,True,27,34,False,True,13.5,13.5,7+ (large),False,Underdog,7+ (large) Underdog,-6.800000000000001,-7,-0.1999999999999993,21.9,3,9,8,4,False,False,1,1,2,0,1,0,1,0,535bbe97d4e56494b039ade88459c338,2025-11-23 18:00:00+00:00
NYJ,1,PIT,False,32,34,False,True,3.0,3.0,0-3 (close),False,Underdog,0-3 (close) Underdog,4.800000000000001,-2,-6.800000000000001,5.199999999999999,0,1,1,0,False,False,0,0,0,0,0,0,0,0,5ed483bb614b18955f8b43f177746371,2025-09-07 17:00:00+00:00
NYJ,2,BUF,False,10,30,False,False,5.5,5.5,3-7 (moderate),False,Underdog,3-7 (moderate) Underdog,-14.5,-20,-5.5,4.0,0,2,1,1,False,False,0,0,0,0,0,0,0,0,cd0fd9335b5182d3bfed35ab8d5ab6fb,2025-09-14 17:01:00+00:00
NYJ,3,TB,True,27,29,False,True,6.5,6.5,3-7 (moderate),False,Underdog,3-7 (moderate) Underdog,4.0,-2,-6.0,10.8,0,3,2,1,False,False,0,0,0,0,0,0,0,0,02522f48a7b7e7524881c1b1638cd94d,2025-09-21 17:03:00+00:00
NYJ,4,MIA,True,21,27,False,False,2.5,2.5,0-3 (close),False,Underdog,0-3 (close) Underdog,6.899999999999999,-6,-12.899999999999999,5.400000000000002,0,4,2,2,False,False,0,0,0,0,0,0,0,0,bc76fb8d846588ed46297aaab4e83de9,2025-09-29 23:16:00+00:00
NYJ,5,DAL,False,22,37,False,False,-1.5,1.5,0-3 (close),True,Favorite,0-3 (close) Favorite,-7.100000000000001,-15,-7.899999999999999,7.700000000000003,0,5,2,3,False,True,0,0,0,0,0,1,0,1,df7e32f3c6cfaaa66de560906faabe32,2025-10-05 17:01:00+00:00
NYJ,6,DEN,False,11,13,False,True,7.0,7.0,3-7 (moderate),False,Underdog,3-7 (moderate) Underdog,-8.200000000000001,-2,6.200000000000001,10.800000000000002,0,6,3,3,False,True,0,0,0,0,0,2,1,1,e34812ee7fbf13bd75e4298bccfbdd10,2025-10-12 13:30:00+00:00
NYJ,7,CAR,False,6,13,False,False,-1.0,1.0,0-3 (close),True,Favorite,0-3 (close) Favorite,-5.600000000000001,-7,-1.3999999999999986,4.8000000000000025,0,7,3,4,False,False,0,0,0,0,0,2,1,1,ba4e8bfa1f4eeaa74c7b09f409361c0d,2025-10-19 17:03:00+00:00
NYJ,8,CIN,True,39,38,True,True,5.5,5.5,3-7 (moderate),False,Underdog,3-7 (moderate) Underdog,0.29999999999999716,1,0.7000000000000028,10.900000000000004,1,7,4,4,False,False,0,0,0,0,0,2,1,1,9c1f73e48ca9750f6e7d5d64874057c2,2025-10-26 17:00:00+00:00
NYJ,10,CLE,False,27,20,True,True,2.0,2.0,0-3 (close),False,Underdog,0-3 (close) Underdog,-4.9,7,11.9,28.200000000000003,2,7,5,4,False,False,0,0,0,0,0,2,1,1,844b89333f293f055f8e0c147fb9fec5,2025-11-09 18:00:00+00:00
NYJ,11,NE,True,14,27,False,False,13.0,13.0,7+ (large),False,Underdog,7+ (large) Underdog,-4.199999999999999,-13,-8.8,19.700000000000003,2,8,5,5,True,False,0,1,0,1,0,2,1,1,32ec2bd4ac9e4c40f9f5cbed7e67f837,2025-11-14 01:15:00+00:00
NYJ,12,BAL,True,10,23,False,True,13.5,13.5,7+ (large),False,Underdog,7+ (large) Underdog,-1.3999999999999986,-13,-11.600000000000001,13.100000000000001,2,9,6,5,False,True,0,1,0,1,0,3,2,1,7159d60c7a31c7d593167637723d7663,2025-11-23 18:00:00+00:00
PHI,1,DAL,True,24,20,True,True,-3.0,3.0,0-3 (close),True,Favorite,0-3 (close) Favorite,1.1999999999999993,4,2.8000000000000007,0.6999999999999993,1,0,1,0,False,False,0,0,0,0,0,0,0,0,4553ba763cb3cfcfc33fd62672a2057f,2025-11-23 21:25:00+00:00
PHI,1,DAL,False,24,20,True,False,-8.5,8.5,7+ (large),True,Favorite,7+ (large) Favorite,1.1999999999999993,4,2.8000000000000007,1.3999999999999986,2,0,1,1,False,False,0,0,0,0,0,0,0,0,f1bc532dff946d15cb85654b5c4b246e,2025-09-05 00:20:00+00:00
PHI,2,KC,True,20,17,True,True,-1.0,1.0,0-3 (close),True,Favorite,0-3 (close) Favorite,0.7999999999999972,3,2.200000000000003,3.5,3,0,2,1,False,False,0,0,0,0,0,0,0,0,bbec8d71145954cff67915c9b006bb6e,2025-09-14 20:25:00+00:00
PHI,3,LAR,False,33,26,True,True,-3.5,3.5,3-7 (moderate),True,Favorite,3-7 (moderate) Favorite,-3.200000000000003,7,10.200000000000003,15.100000000000001,4,0,3,1,False,False,0,0,0,0,0,0,0,0,4c4ae4a2d54fc3f71c450187e9391ddc,2025-09-21 17:01:00+00:00
PHI,4,TB,True,31,25,True,True,-3.5,3.5,3-7 (moderate),True,Favorite,3-7 (moderate) Favorite,2.3999999999999986,6,3.6000000000000014,23.1,5,0,4,1,True,False,1,0,1,0,0,0,0,0,894976986c24d52cf1d45f0e6bb0e90c,2025-09-28 17:01:00+00:00
PHI,5,DEN,False,17,21,False,False,-4.0,4.0,3-7 (moderate),True,Favorite,3-7 (moderate) Favorite,-6.5,-4,2.5,20.3,5,1,4,2,False,False,1,0,1,0,0,0,0,0,bc4f9a719baf61261befad75f4bdb539,2025-10-05 17:01:00+00:00
PHI,6,NYG,False,17,34,False,False,-7.0,7.0,3-7 (moderate),True,Favorite,3-7 (moderate) Favorite,-3.099999999999998,-17,-13.900000000000002,16.2,5,2,4,3,False,False,1,0,1,0,0,0,0,0,a8ebe01e05675c109b53a97f653f8653,2025-10-26 17:03:00+00:00
PHI,6,NYG,True,17,34,False,False,-7.5,7.5,7+ (large),True,Favorite,7+ (large) Favorite,-3.099999999999998,-17,-13.900000000000002,12.099999999999998,5,3,4,4,False,True,1,0,1,0,0,1,0,1,e10fe83ee6178a598e7fa84ea0913366,2025-10-10 00:15:00+00:00
PHI,7,MIN,True,28,22,True,True,-2.5,2.5,0-3 (close),True,Favorite,0-3 (close) Favorite,-3.3999999999999986,6,9.399999999999999,19.599999999999998,6,3,5,4,False,True,1,0,1,0,1,1,1,1,6a8d2daf7f75100d02656bc0217737e8,2025-10-19 17:03:00+00:00
PHI,10,GB,True,10,7,True,True,1.0,1.0,0-3 (close),False,Underdog,0-3 (close) Underdog,-3.0,3,6.0,16.699999999999996,7,3,6,4,True,False,2,0,2,0,1,1,1,1,438868ff90501a1fe9a0fbecbee9dc12,2025-11-11 01:15:00+00:00
PHI,11,DET,False,16,9,True,True,-2.5,2.5,0-3 (close),True,Favorite,0-3 (close) Favorite,2.5999999999999996,7,4.4,14.699999999999996,8,3,7,4,False,False,2,0,2,0,1,1,1,1,6d209e0e637f3b116ec958e0634f2a02,2025-11-17 01:20:00+00:00
PIT,1,NYJ,True,34,32,True,False,-3.0,3.0,0-3 (close),True,Favorite,0-3 (close) Favorite,-4.800000000000001,2,6.800000000000001,12.0,1,0,0,1,False,False,0,0,0,0,0,0,0,0,5ed483bb614b18955f8b43f177746371,2025-09-07 17:00:00+00:00
PIT,2,SEA,False,17,31,False,False,-3.5,3.5,3-7 (moderate),True,Favorite,3-7 (moderate) Favorite,-9.2,-14,-4.800000000000001,12.3,1,1,0,2,False,False,0,0,0,0,0,0,0,0,82f9fd7001598d5cf9c1bdd57c66cae4,2025-09-14 17:01:00+00:00
PIT,3,NE,True,21,14,True,True,-1.0,1.0,0-3 (close),True,Favorite,0-3 (close) Favorite,-1.1999999999999993,7,8.2,11.8,2,1,1,2,False,False,0,0,0,0,0,0,0,0,c4c42918a645b1a4773f47d7eaa5cfcf,2025-09-21 17:03:00+00:00
PIT,4,MIN,False,24,21,True,True,-2.75,2.75,0-3 (close),True,Favorite,0-3 (close) Favorite,8.8,3,-5.800000000000001,6.699999999999999,3,1,2,2,True,False,1,0,1,0,0,0,0,0,4dd631102a977fd398f7ea594ed208f2,2025-09-28 13:33:00+00:00
PIT,6,CLE,False,23,9,True,True,-6.5,6.5,3-7 (moderate),True,Favorite,3-7 (moderate) Favorite,3.5,14,10.5,11.5,4,1,3,2,False,False,1,0,1,0,0,0,0,0,a11bbccb332241029ebaeb519b93b776,2025-10-12 17:01:00+00:00
PIT,7,CIN,True,31,33,False,False,-5.5,5.5,3-7 (moderate),True,Favorite,3-7 (moderate) Favorite,-4.099999999999998,-2,2.099999999999998,17.7,4,2,3,3,True,False,1,1,1,1,0,0,0,0,6076f9eab496770efc0ab7095b27c122,2025-10-17 00:15:00+00:00
PIT,7,CIN,False,31,33,False,False,-5.5,5.5,3-7 (moderate),True,Favorite,3-7 (moderate) Favorite,-4.099999999999998,-2,2.099999999999998,23.9,4,3,3,4,False,False,1,1,1,1,0,0,0,0,7147476b5d96c0ee874b838de3910ee3,2025-11-16 18:00:00+00:00
PIT,8,GB,False,25,35,False,False,3.0,3.0,0-3 (close),False,Underdog,0-3 (close) Underdog,-14.5,-10,4.5,32.7,4,4,3,5,False,False,1,1,1,1,0,0,0,0,fb900eef07307ebf5c1930341ecd852a,2025-10-27 00:20:00+00:00
PIT,9,IND,False,27,20,True,True,3.0,3.0,0-3 (close),False,Underdog,0-3 (close) Underdog,-2.0,7,9.0,37.400000000000006,5,4,4,5,False,False,1,1,1,1,0,0,0,0,2340a6e0794d5688996dcf8aaf634742,2025-11-02 18:00:00+00:00
PIT,10,LAC,True,10,25,False,False,2.5,2.5,0-3 (close),False,Underdog,0-3 (close) Underdog,-7.9,-15,-7.1,33.300000000000004,5,5,4,6,True,False,1,2,1,2,0,0,0,0,349d53a4f89591312ea528e81b786474,2025-11-10 01:20:00+00:00
PIT,12,CHI,True,28,31,False,False,3.0,3.0,0-3 (close),False,Underdog,0-3 (close) Underdog,3.099999999999998,-3,-6.099999999999998,35.400000000000006,5,6,4,7,False,True,1,2,1,2,0,1,0,1,c8913b70b63ae247f23a4e1dec08c668,2025-11-23 18:00:00+00:00
SEA,1,SF,False,13,17,False,False,1.5,1.5,0-3 (close),False,Underdog,0-3 (close) Underdog,-4.300000000000001,-4,0.3000000000000007,-8.899999999999999,0,1,0,1,False,False,0,0,0,0,0,0,0,0,9f1ad249959aacae89e5e74e43429a4a,2025-09-07 20:05:00+00:00
SEA,2,PIT,True,31,17,True,True,3.5,3.5,3-7 (moderate),False,Underdog,3-7 (moderate) Underdog,9.2,14,4.800000000000001,-3.799999999999997,1,1,1,1,False,False,0,0,0,0,0,0,0,0,82f9fd7001598d5cf9c1bdd57c66cae4,2025-09-14 17:01:00+00:00
SEA,3,NO,False,44,13,True,True,-7.0,7.0,3-7 (moderate),True,Favorite,3-7 (moderate) Favorite,7.800000000000001,31,23.2,10.400000000000002,2,1,2,1,False,False,0,0,0,0,0,0,0,0,311c411c2d53e36a902763dc7a2ef678,2025-09-21 20:05:00+00:00
SEA,4,ARI,True,23,20,True,True,-1.5,1.5,0-3 (close),True,Favorite,0-3 (close) Favorite,5.899999999999999,3,-2.8999999999999986,11.700000000000003,3,1,3,1,True,False,1,0,1,0,0,0,0,0,4a08b89f07a4a395620f6df5c1d239f4,2025-09-26 00:16:00+00:00
SEA,4,ARI,False,23,20,True,False,-7.0,7.0,3-7 (moderate),True,Favorite,3-7 (moderate) Favorite,5.899999999999999,3,-2.8999999999999986,13.000000000000004,4,1,3,2,False,False,1,0,1,0,0,0,0,0,740b843794cc89176c4ffe38b66d30d9,2025-11-09 21:05:00+00:00
SEA,5,TB,False,35,38,False,False,-3.5,3.5,3-7 (moderate),True,Favorite,3-7 (moderate) Favorite,3.5,-3,-6.5,17.300000000000004,4,2,3,3,False,False,1,0,1,0,0,0,0,0,6f5a22a3ca33478094cef1e9212ba0fc,2025-10-05 20:06:00+00:00
SEA,6,JAX,True,20,12,True,True,-1.0,1.0,0-3 (close),True,Favorite,0-3 (close) Favorite,3.5,8,4.5,15.700000000000003,5,2,4,3,False,False,1,0,1,0,0,0,0,0,e5dd1fed586cfc0ec2d7c06f2a02c37a,2025-10-12 17:03:00+00:00
SEA,7,HOU,False,27,19,True,True,-3.0,3.0,0-3 (close),True,Favorite,0-3 (close) Favorite,3.8000000000000007,8,4.199999999999999,19.400000000000002,6,2,5,3,False,False,1,0,1,0,0,0,0,0,7ca953ab786f70b22cabbe4946d330fa,2025-10-21 02:00:00+00:00
SEA,9,WAS,True,38,14,True,True,-3.0,3.0,0-3 (close),True,Favorite,0-3 (close) Favorite,17.1,24,6.899999999999999,22.2,7,2,6,3,False,False,1,0,1,0,0,0,0,0,c2fd8a23091a954fb21ff6d3537db826,2025-11-03 01:20:00+00:00
SEA,11,LAR,True,19,21,False,True,3.25,3.25,3-7 (moderate),False,Underdog,3-7 (moderate) Underdog,5.199999999999999,-2,-7.199999999999999,18.9,7,3,7,3,False,False,1,0,1,0,0,0,0,0,e926e654cedeb65fcfcc389a5158ef4e,2025-11-16 21:05:00+00:00
SEA,12,TEN,True,30,24,True,False,-12.5,12.5,7+ (large),True,Favorite,7+ (large) Favorite,13.7,6,-7.699999999999999,24.4,8,3,7,4,False,True,1,0,1,0,1,0,0,1,0ff4e68cf39cc57ca7cf1276e4a44d2f,2025-11-23 18:00:00+00:00
SF,1,SEA,True,17,13,True,True,-1.5,1.5,0-3 (close),True,Favorite,0-3 (close) Favorite,4.300000000000001,4,-0.3000000000000007,-9.2,1,0,1,0,False,False,0,0,0,0,0,0,0,0,9f1ad249959aacae89e5e74e43429a4a,2025-09-07 20:05:00+00:00
SF,2,NO,True,26,21,True,True,-3.0,3.0,0-3 (close),True,Favorite,0-3 (close) Favorite,5.100000000000001,5,-0.10000000000000142,-8.8,2,0,2,0,False,False,0,0,0,0,0,0,0,0,866d7405986fb4d14897cdb6c0aa5926,2025-09-14 17:01:00+00:00
SF,3,ARI,False,16,15,True,False,-1.5,1.5,0-3 (close),True,Favorite,0-3 (close) Favorite,6.800000000000001,1,-5.800000000000001,-17.1,3,0,2,1,False,False,0,0,0,0,0,0,0,0,20b50dac292089c063b21e1410f172ef,2025-09-21 20:26:00+00:00
SF,3,ARI,True,16,15,True,False,-3.5,3.5,3-7 (moderate),True,Favorite,3-7 (moderate) Favorite,6.800000000000001,1,-5.800000000000001,-25.400000000000002,4,0,2,2,False,False,0,0,0,0,0,0,0,0,91630b9c62640117918fa30d2a62d2db,2025-11-16 21:05:00+00:00
SF,4,JAX,False,21,26,False,False,-3.0,3.0,0-3 (close),True,Favorite,0-3 (close) Favorite,0.1999999999999993,-5,-5.199999999999999,-27.3,4,1,2,3,False,False,0,0,0,0,0,0,0,0,09f55b4a19a83eb951a9400a11123477,2025-09-28 20:06:00+00:00
SF,5,LAR,False,26,23,True,True,6.0,6.0,3-7 (moderate),False,Underdog,3-7 (moderate) Underdog,-5.100000000000001,3,8.100000000000001,-28.2,5,1,3,3,False,False,0,0,0,0,0,0,0,0,2710103fe4fb0170ae03b4e34bde8132,2025-11-09 21:25:00+00:00
SF,5,LAR,True,26,23,True,True,8.5,8.5,7+ (large),False,Underdog,7+ (large) Underdog,-5.100000000000001,3,8.100000000000001,-29.099999999999998,6,1,4,3,True,False,1,0,1,0,0,0,0,0,c4b72eabb3d557e73022ec730d8e3944,2025-10-03 00:16:00+00:00
SF,6,TB,True,19,30,False,False,3.5,3.5,3-7 (moderate),False,Underdog,3-7 (moderate) Underdog,-5.800000000000001,-11,-5.199999999999999,-31.099999999999998,6,2,4,4,True,False,1,1,1,1,0,0,0,0,9e705d669039f2ca8364f408b7792a8a,2025-10-12 20:26:00+00:00
SF,7,ATL,False,20,10,True,True,-1.0,1.0,0-3 (close),True,Favorite,0-3 (close) Favorite,5.599999999999998,10,4.400000000000002,-34.8,7,2,5,4,False,False,1,1,1,1,0,0,0,0,7b2ded52498efcf97a08ef10ee99b0f3,2025-10-20 00:20:00+00:00
SF,8,HOU,True,15,26,False,False,3.0,3.0,0-3 (close),False,Underdog,0-3 (close) Underdog,-7.800000000000001,-11,-3.1999999999999993,-38.0,7,3,5,5,False,False,1,1,1,1,0,0,0,0,abc4104a9ac597ce37d703613256fd6c,2025-10-26 17:03:00+00:00
SF,9,NYG,True,34,24,True,True,-2.5,2.5,0-3 (close),True,Favorite,0-3 (close) Favorite,4.699999999999999,10,5.300000000000001,-32.7,8,3,6,5,False,False,1,1,1,1,0,0,0,0,a788e7cebff4b5fe10034710090e4529,2025-11-02 18:00:00+00:00
SF,12,CAR,False,20,9,True,True,-7.5,7.5,7+ (large),True,Favorite,7+ (large) Favorite,5.699999999999999,11,5.300000000000001,-34.2,9,3,7,5,False,False,1,1,1,1,0,0,0,0,90391be251d876bb41d36978a43c7ac2,2025-11-25 01:15:00+00:00
TB,1,ATL,True,23,20,True,True,0.0,0.0,0-3 (close),False,Underdog,0-3 (close) Underdog,-2.3999999999999986,3,5.399999999999999,3.1999999999999993,1,0,1,0,False,False,0,0,0,0,0,0,0,0,1e09eb3fe1385796c1a32000de48ac64,2025-09-07 17:03:00+00:00
TB,2,HOU,True,20,19,True,True,2.5,2.5,0-3 (close),False,Underdog,0-3 (close) Underdog,8.5,1,-7.5,-4.199999999999999,2,0,2,0,False,False,0,0,0,0,0,0,0,0,7d9a04f411031528d9c1d2df7b9a0453,2025-09-15 23:01:00+00:00
TB,3,NYJ,False,29,27,True,False,-6.5,6.5,3-7 (moderate),True,Favorite,3-7 (moderate) Favorite,-4.0,2,6.0,8.600000000000001,3,0,2,1,False,True,0,0,0,0,1,0,0,1,02522f48a7b7e7524881c1b1638cd94d,2025-09-21 17:03:00+00:00
TB,4,PHI,False,25,31,False,False,3.5,3.5,3-7 (moderate),False,Underdog,3-7 (moderate) Underdog,-2.3999999999999986,-6,-3.6000000000000014,13.0,3,1,2,2,False,False,0,0,0,0,1,0,0,1,894976986c24d52cf1d45f0e6bb0e90c,2025-09-28 17:01:00+00:00
TB,5,SEA,True,38,35,True,True,3.5,3.5,3-7 (moderate),False,Underdog,3-7 (moderate) Underdog,-3.5,3,6.5,23.8,4,1,3,2,False,False,0,0,0,0,1,0,0,1,6f5a22a3ca33478094cef1e9212ba0fc,2025-10-05 20:06:00+00:00
TB,6,SF,False,30,19,True,True,-3.5,3.5,3-7 (moderate),True,Favorite,3-7 (moderate) Favorite,5.800000000000001,11,5.199999999999999,27.0,5,1,4,2,False,False,0,0,0,0,1,0,0,1,9e705d669039f2ca8364f408b7792a8a,2025-10-12 20:26:00+00:00
TB,7,DET,True,9,24,False,False,6.0,6.0,3-7 (moderate),False,Underdog,3-7 (moderate) Underdog,-6.0,-15,-9.0,19.1,5,2,4,3,False,False,0,0,0,0,1,0,0,1,b808059d3ccc754ace4a3d23b58e47e8,2025-10-20 23:00:00+00:00
TB,8,NO,True,23,3,True,True,-3.5,3.5,3-7 (moderate),True,Favorite,3-7 (moderate) Favorite,4.1,20,15.9,26.900000000000002,6,2,5,3,False,True,0,0,0,0,2,0,1,1,a8dd9bb0681692540d067bd0e9e66989,2025-10-26 20:05:00+00:00
TB,10,NE,False,23,28,False,False,-2.5,2.5,0-3 (close),True,Favorite,0-3 (close) Favorite,2.5,-5,-7.5,24.500000000000004,6,3,5,4,True,False,0,1,0,1,2,0,1,1,39e7c1f6e36d5bc4d2613ebf7bb83c10,2025-11-09 18:00:00+00:00
TB,11,BUF,True,32,44,False,False,6.0,6.0,3-7 (moderate),False,Underdog,3-7 (moderate) Underdog,-3.6999999999999993,-12,-8.3,31.000000000000004,6,4,5,5,False,True,0,1,0,1,2,1,1,2,96377d2fb55e3cef733cecccdecaed5f,2025-11-16 18:00:00+00:00
TB,12,LAR,True,7,34,False,False,7.0,7.0,3-7 (moderate),False,Underdog,3-7 (moderate) Underdog,-18.9,-27,-8.100000000000001,26.400000000000006,6,5,5,6,False,True,0,1,0,1,2,2,1,3,9e7119f5a24471c39145663b84f100b2,2025-11-24 01:20:00+00:00
TEN,1,DEN,True,12,20,False,True,9.0,9.0,7+ (large),False,Underdog,7+ (large) Underdog,-11.600000000000001,-8,3.6000000000000014,1.8000000000000007,0,1,1,0,False,False,0,0,0,0,0,0,0,0,68397f3aa9eb847a421a49f990a11928,2025-09-07 20:05:00+00:00
TEN,2,LAR,False,19,33,False,False,5.5,5.5,3-7 (moderate),False,Underdog,3-7 (moderate) Underdog,-12.3,-14,-1.6999999999999993,6.5,0,2,1,1,False,False,0,0,0,0,0,0,0,0,0e6f68b30237afc04d1517a193213a65,2025-09-14 17:01:00+00:00
TEN,3,IND,True,20,41,False,False,15.0,15.0,7+ (large),False,Underdog,7+ (large) Underdog,-14.399999999999999,-21,-6.600000000000001,10.7,0,3,1,2,False,False,0,0,0,0,0,0,0,0,88187a33b007c088d75c6cd14c83086c,2025-10-26 20:25:00+00:00
TEN,3,IND,False,20,41,False,False,6.0,6.0,3-7 (moderate),False,Underdog,3-7 (moderate) Underdog,-14.399999999999999,-21,-6.600000000000001,14.899999999999999,0,4,1,3,False,False,0,0,0,0,0,0,0,0,bb506016737825f4d0b1f9862f95c246,2025-09-21 17:01:00+00:00
TEN,4,HOU,True,0,26,False,False,7.5,7.5,7+ (large),False,Underdog,7+ (large) Underdog,-7.199999999999999,-26,-18.8,2.8999999999999986,0,5,1,4,False,False,0,0,0,0,0,0,0,0,85c9b76cd6bd575b611cb4e8feb7a0b0,2025-09-28 17:01:00+00:00
TEN,4,HOU,False,0,26,False,False,5.5,5.5,3-7 (moderate),False,Underdog,3-7 (moderate) Underdog,-7.199999999999999,-26,-18.8,-9.100000000000001,0,6,1,5,False,True,0,0,0,0,0,1,0,1,fd2f29289d6437a7c07d4780c5f04936,2025-11-16 18:00:00+00:00
TEN,5,ARI,True,22,21,True,True,7.5,7.5,7+ (large),False,Underdog,7+ (large) Underdog,5.5,1,-4.5,-12.200000000000003,1,6,2,5,False,True,0,0,0,0,1,1,1,1,8fa3fd86eaa7b432469d43b84904e1dc,2025-10-05 20:06:00+00:00
TEN,6,LV,True,10,20,False,False,3.5,3.5,3-7 (moderate),False,Underdog,3-7 (moderate) Underdog,-8.1,-10,-1.9000000000000004,-14.300000000000002,1,7,2,6,False,False,0,0,0,0,1,1,1,1,4963bff460a5f26cab46a8e5ea6db148,2025-10-12 20:06:00+00:00
TEN,7,NE,False,13,31,False,False,6.5,6.5,3-7 (moderate),False,Underdog,3-7 (moderate) Underdog,-12.4,-18,-5.6,-14.900000000000002,1,8,2,7,False,False,0,0,0,0,1,1,1,1,f7fa9341eeffb08f7e6e769398cd32e2,2025-10-19 17:03:00+00:00
TEN,9,LAC,False,20,27,False,True,10.0,10.0,7+ (large),False,Underdog,7+ (large) Underdog,-15.700000000000001,-7,8.700000000000001,-6.500000000000002,1,9,3,7,False,False,0,0,0,0,1,1,1,1,b60025aea576e2e89ef7bc7303f847ec,2025-11-02 18:00:00+00:00
TEN,12,SEA,False,24,30,False,True,12.5,12.5,7+ (large),False,Underdog,7+ (large) Underdog,-13.7,-6,7.699999999999999,6.6999999999999975,1,10,4,7,True,False,0,1,1,0,1,1,1,1,0ff4e68cf39cc57ca7cf1276e4a44d2f,2025-11-23 18:00:00+00:00
WAS,1,NYG,False,21,6,True,True,-6.0,6.0,3-7 (moderate),True,Favorite,3-7 (moderate) Favorite,10.700000000000001,15,4.299999999999999,-4.300000000000001,1,0,1,0,False,False,0,0,0,0,0,0,0,0,4cce00ca468c67eca17a9a061f778fb2,2025-09-07 17:03:00+00:00
WAS,2,GB,True,18,27,False,False,3.0,3.0,0-3 (close),False,Underdog,0-3 (close) Underdog,-12.3,-9,3.3000000000000007,-3.1999999999999993,1,1,1,1,False,False,0,0,0,0,0,0,0,0,0c6e5d9821ce0d3e82f3e792879776a6,2025-09-12 00:16:00+00:00
WAS,3,LV,False,41,24,True,True,-3.0,3.0,0-3 (close),True,Favorite,0-3 (close) Favorite,15.000000000000002,17,1.9999999999999982,9.7,2,1,2,1,False,False,0,0,0,0,0,0,0,0,03a5eed2c8ef5d1c8a48866ea4b0d63a,2025-09-21 17:03:00+00:00
WAS,4,ATL,True,27,34,False,False,2.5,2.5,0-3 (close),False,Underdog,0-3 (close) Underdog,-3.1999999999999993,-7,-3.8000000000000007,13.7,2,2,2,2,False,False,0,0,0,0,0,0,0,0,b7934d72587b62de0f563ac9acbaa770,2025-09-28 17:01:00+00:00
WAS,5,LAC,True,27,10,True,True,3.0,3.0,0-3 (close),False,Underdog,0-3 (close) Underdog,15.3,17,1.6999999999999993,12.7,3,2,3,2,False,False,0,0,0,0,0,0,0,0,79c4e9f40e2647dc2a7b377cf61c48cd,2025-10-05 20:26:00+00:00
WAS,6,CHI,False,24,25,False,False,-5.5,5.5,3-7 (moderate),True,Favorite,3-7 (moderate) Favorite,-5.0,-1,4.0,15.5,3,3,3,3,False,False,0,0,0,0,0,0,0,0,38366aa83a3eb6cef71a1134c4fceb2c,2025-10-14 00:16:00+00:00
WAS,7,DAL,True,22,44,False,False,1.5,1.5,0-3 (close),False,Underdog,0-3 (close) Underdog,-4.100000000000001,-22,-17.9,13.600000000000001,3,4,3,4,False,False,0,0,0,0,0,0,0,0,ff0c1ce30d562926ce40fc9bbaa2b7b1,2025-10-19 20:25:00+00:00
WAS,8,KC,True,7,28,False,False,11.0,11.0,7+ (large),False,Underdog,7+ (large) Underdog,-9.3,-21,-11.7,4.400000000000002,3,5,3,5,False,True,0,0,0,0,0,1,0,1,7e3361e84d5223a8d210a887b249f247,2025-10-28 00:15:00+00:00
WAS,9,SEA,False,14,38,False,False,3.0,3.0,0-3 (close),False,Underdog,0-3 (close) Underdog,-17.1,-24,-6.899999999999999,0.3000000000000007,3,6,3,6,False,True,0,0,0,0,0,2,0,2,c2fd8a23091a954fb21ff6d3537db826,2025-11-03 01:20:00+00:00
WAS,10,DET,False,22,44,False,False,8.0,8.0,7+ (large),False,Underdog,7+ (large) Underdog,-12.799999999999997,-22,-9.200000000000003,1.8000000000000007,3,7,3,7,False,False,0,0,0,0,0,2,0,2,93365f943b3aa23705bc9e1c7b47d7f8,2025-11-09 21:25:00+00:00
WAS,11,MIA,True,13,16,False,False,-2.25,2.25,0-3 (close),True,Favorite,0-3 (close) Favorite,0.10000000000000142,-3,-3.1000000000000014,-8.8,3,8,3,8,False,True,0,0,0,0,0,3,0,3,265f0188945bb81ec64751571eb724cb,2025-11-16 14:34:50+00:00
